,Ingredient,Category
0, 단호박 샐러리 당근 양파 샬롯 야채육수 혹은 물  우유 메이플시럽 꿀  통후추 타임 클로브 월계수잎 시나몬스틱,Western
1, 연어 로메인  혹은 청상추  토마토 파프리카 적양파 아보카도 페타치즈 올리브오일 레몬즙 다진마늘 디존 머스터드 꿀 드라이 바질 드라이 오레가노 소금 후추 레몬 제스트  옵션  셀러리 새싹  옵션  다진 파슬리  옵션 ,Western
2, 토마토 마늘 양파 샐러리 소금 꿀  설탕  액상치킨스탁 월계수잎 드라이타임 바질 오레가노 올리브오일,Western
3, 딸기 어린잎채소 블루베리 스트링치즈 바게트빵 크림치즈 올리브유 꿀 소금 다진마늘 귤청 레몬즙 후추가루,Western
4, 닭가슴살 양송이버섯 생크림 우유 버터 다진마늘 후추 소금 레드와인,Western
5, 통베이컨 계란 바게트빵,Western
6, 베이컨 아스파라거스 소금 버터,Western
7, 스파게티면 새싹채소 베이컨 옥수수통조림 메추리알 진간장 설탕 발사믹식초 레몬즙 다진마늘 올리브유,Western
8, 생 칵테일 새우  대  마늘 올리브유 페페론치노 소금 통후추 가루,Western
9, 닭다리살  닭다리살 정육은 대형마트 or 코스트코에서 구매 쯔유 소금 올리고당 다진마늘 통후추 올리브유,Western
10, 빠삐코바 휘핑크림 롯데샌드 코코볼,Western
11, 식빵 키스틱크림치즈롤 계란 빵가루,Western
12, 키스틱 체다치즈 베이컨 김밥 재료,Western
13, 파스타면 양파 마늘 후추 파슬리 파마산치즈 소금 페페론치노 베이컨 올리브오일,Western
14, 별난바톡톡 우유얼음 에스프레소  혹은 커피우유  바닐라아이스크림 시리얼토핑 초코시럽 각종 토핑,Western
15, 별난바톡톡 에스프레소 샷  혹은 커피우유  우유얼음 휘핑크림 초콜렛 각종 토핑,Western
16, 김치 의성마늘 로스팜 또띠아 피자소스 옥수수콘 피자치즈 파프리카 혹은 피망 새우 양파,Western
17, 의성마늘 로스팜 오리고기 쌈무 무순 파프리카 양파 각종 야채,Western
18, 감자 삶은것 우동면 카레가루 우유 생크림 양파 베이컨,Western
19, 차돌박이 파스타면 양파 마늘 파프리카 적 노  우유 생크림 파마산치즈 가루,Western
20, 토마토 설탕 레몬즙 우유 물 연유,Western
21, 스파게티 소금 차돌박이 마늘 청양고추 쪽파 올리브유 간장 굴소스 설탕 맛술 후추,Western
22, 라자냐 양파 참치 토마토소스 모짜렐라치즈 소금 후추 올리브유,Western
23, 즉석밥 우유 휘핑크림 설탕 바닐라빈 냉동망고 라즈베리청 허브,Western
24, 밥 양파 마늘 감자 당근 홍피망 청피망 베이컨 체다치즈 식용유 간장 소금 후추 밀가루 빵가루 달걀 콜리플라워 양파 버터 타임 이태리파슬리 우유 생크림 올리브유 소금 후추,Western
25, 가지 토마토소스 어린잎 파마산치즈가루 방울토마토 올리브오일 소금 후추,Western
26, 식빵 계란 녹인버터 설탕 소금 후추 파슬리가루,Western
27, 달걀 감자 양파 파마산치즈 우유 버터 소금 후추 파슬리가루,Western
28, 식빵 블루베리잼 크림치즈,Western
29, 닭가슴살 양파 버터 밀가루 레몬 화이트와인 로즈마리 소금 후추 올리브오일,Western
30, 크레페믹스가루 달걀 물 녹인버터 슬라이스햄 달걀 루꼴라 베이컨 모짜렐라치즈 적양파 후추 발사믹크림,Western
31, 통베이컨    g 올리고당   큰술 설탕   큰술,Western
32, 쌀 닭다리살 애호박 새송이버섯 토마토 방울토마토 양파 마늘 홍새우 바지락 오징어몸통 레몬 파슬리 강황가루 파프리카가루 샤프란 올리브유,Western
33, 청포도 우유 생크림 설탕 판젤라틴 설탕 물,Western
34, 라자냐 김치 베이컨 양파 식용유 스트링치즈,Western
35, 페투치니 파스타면 양파 양송이 고추 쪽파 스팸 식용유 면수 고춧가루,Western
36, 버거번 다진목살 다진양지 가염버터 아보카도 베이컨 체다치즈 토마토슬라이스 양파슬라이스 로메인 양상추 소금 후추 크러시드레드페퍼 마요네즈 사워크림 또는 플레인요거트  다진피클,Western
37, 오트밀 바게트 돼지고기 볶음용 오이 양파 마요네즈 칠리소스 흑설탕 굴소스 다진 마늘 맛술 후춧가루,Western
38, 동원 훈제연어 크림치즈 홀스래디쉬 소스 다진 양파 어린잎 채소 케이퍼,Western
39, 구운란 다진 쇠고기 다진 돼지고기 다진 양파 다진 마늘 계란물 빵가루 소금 후추,Western
40, 마카로니 베이컨 버터 밀가루 우유 모짜렐라치즈 체다치즈 소금 후추 파슬리,Western
41, 블루베리 체리 꿀 판젤라틴 레몬즙,Western
42, 닭날개 셀러리 미림 소금 후추  소스  핫소스 버터 토마토케찹  크림치즈소스  크림치즈 플레인요거트 마요네즈 소금,Western
43, 애플민트 레몬 자몽 라임 얼음 탄산수 꿀,Western
44, 감자튀김 베이컨 식용유 슬라이스치즈 피자치즈 파슬리가루,Western
45, 양상추 청포도 루꼴라 리코타치즈 시판 발사믹 드레싱 올리브유,Western
46, 쥬키니호박 파프리카 닭가슴살 토마토소스 슈레드 치즈 밥 올리브유 소금 후춧가루 파슬리가루,Western
47, 애호박 가지 토마토 토마토 소스 파슬리 파마산치즈가루 올리브오일,Western
48, 두부 설탕 생크림 레몬즙 인스턴트커피 뜨거운물 찬물 코코아파우더,Western
49,,Western
50,,Western
51, 김 밥 모짜렐라치즈 옥수수 소시지 양파 피망 토마토소스 소금 후추,Western
52, 스테이크용 고기 소금 후추 말린 고추 진간장 올리브유 케이준 파우더 갈릭 파우더 바질 말린것 월계수잎 넛맥 파우더 미림,Western
53, 쇠고기 양파 피망 당근 브로콜리 발사믹식초 스테이크소스 맛술 물엿 후추,Western
54, 그린홍합 마요네즈 올리고당 레몬즙 다진 마늘 파슬리 가루 피자치즈 다진 양파 다진 파프리카 후추 다진 양파 다진 파프리카 다진 마늘 청양고추 화이트와인 올리브유 토마토 소스 후추 소금,Western
55, 박력분 버터 달걀 황설탕 소금 덧밀가루 호두 달걀 황설탕 물엿 녹인버터 시나몬파우더,Western
56, 식빵 숏파스타 푸실리펜네 등  양파 다진 마늘 베이컨 레토르트 토마토소스l 모짜렐라치즈 후추,Western
57, 스파게티 소금 게맛살 부추 페페로치노 토마토소스 후춧가루 치즈가루,Western
58, 단백질 공화국 통밀 팬케이크 딸기 바나나 데이츠 시럽,Western
59, 강력분 소금 따뜻한 우유 연유 버터 드라이 이스트 통조림 옥수수,Western
60, 스파게티면 양송이버섯 마늘 청양고추 슬라이스 햄 소금 후추 우유 생크림 슬라이스체다치즈 파슬리 올리브유,Western
61, 호떡믹스 물 토마토소스 모짜렐라 치즈 올리브 바질 식용유,Western
62, 사과 황설탕 레몬즙 계피가루,Western
63, 제육볶음용 고기 양파 대파  제육볶음양념  고추장 다진마늘 백설탕 말린고추 고추가루 물 진간장 참기름 후추  치즈소스  우유 혹은 생크림 슬라이스치즈 모짜렐라치즈 후추,Western
64,,Western
65,,Western
66,,Western
67, 에그팬 계란 우유 박력분 오일 코코아가루 설탕 생크림 누텔라,Western
68, 나래바 본 인 스테이크 버터 타임 마늘 양파 양송이,Western
69, 흰자 슈가파우더 바닐라액 빨강 색소 레몬즙,Western
70,,Western
71, 딸기 식빵 생크림 크림치즈 설탕 녹인버터 슈가파우더,Western
72,,Western
73, 스파게티 혹은 딸리아딸레 모시조개 쪽파 화이트와인 올리브유 말린 고추 다진 마늘 버터 후추 소금 백설탕 파마산치즈가루,Western
74,,Western
75,,Western
76,,Western
77, 연어 링귀니 소금  후추  올리브오일 마늘 파슬리 크러쉬드 칠리페퍼,Western
78, 게맛살 사과 당근 양상추 식빵 마요네즈 레몬즙 씨겨자,Western
79, 페투치니 혹은 딸리아딸레 베이컨 토핑용 치즈 후추 말린 고추 파슬리 바질 말린것  버터크림소스  버터 흰우유 체다치즈 계란노른자 파마산치즈가루,Western
80, 생크림 우유 버터 설탕 바닐라에센스 물엿,Western
81, 핫케익가루 우유 계란 견과류,Western
82, 설탕 물 물엿 젤라틴 코코아가루 계란흰자 전분,Western
83, 블랙타이거새우 피자치즈 소금 후추 버터,Western
84, 누텔라 우유 설탕 계란노른자 젤라틴 휘핑크림,Western
85, 빵 버터 팥앙금,Western
86, 딸기 카스테라 생크림  케이크시럽 설탕 물  글라사쥬 생크림 설탕 물 코코아파우더 젤라틴,Western
87, 계란 박력분 베이킹파우더 설탕 우유 딸기 바나나 메이플시럽 슈가파우더,Western
88, 햄버거빵 슬라이스 치즈 떡갈비 표고버섯 믹스야채,Western
89, 홈런볼 달걀노른자 설탕 크림치즈 생크림 블랙커피믹스 코코아가루,Western
90, 핫도그빵 계란 감자 설탕 머스터드소스 마요네즈,Western
91, 숏파스타 마늘 베이컨 양송이버섯 블랙 올리브 올리브유 다진 마늘 생크림 우유 파마산치즈가루 소금 후춧가루 간장,Western
92, 믹스야채 방울토마토 치킨너겟,Western
93, 박력분 버터 설탕 코코아파우더 다크초콜릿 슈가파우더 계란,Western
94, 랍스타 피망 모짜렐라치즈 라면 밥 굴소스 쪽파,Western
95, 감자 샌드위치햄 체다치즈 견과류 연유,Western
96, 소 안심 양송이버섯 크레이프반죽 페이스트리 반죽,Western
97, 계란 베이컨 방울토마토 할라피뇨 피자치즈 소금 후추,Western
98, 바게트빵 크림치즈 마요네즈 연유 베이컨 피자치즈,Western
99, 핫케익가루 계란 우유 초콜릿 버터,Western
100, 식빵 크림치즈 버터 루토스 스프레드 녹차 스프레드 딸기잼 레몬잼 민트 초코시럽,Western
101, 우유 물 버터 밀가루 식빵 올리브유 소금 후추 파슬리,Western
102, 과일 식빵 휘핑크림,Western
103, 투게더아이스크림 계란노른자 설탕,Western
104,,Western
105, 식빵 달걀 소세지 토마토 소금 후추 우유,Western
106, 큰햇반 생크림소스 크림파스타소스  냉동 새우 냉동 오징어링 냉동 가리비 관자 방울토마토 통베이컨 냉동 자숙 바지락 화이트 와인 깐양파 다진 마늘 올리브 오일 루꼴라 펜시 파마산치즈 샤프란,Western
107, 다진소고기 양파 당근 샐러리 쪽파 케찹 우스터소스 다진마늘 설탕 후추 말린허브 달걀 밥 식용유 밀가루 버터 물,Western
108, 남은카레  분카레로 대체가능  남은치킨 치킨텐더로 대체가능  닭다리살구워넣는것도 가능  또띠아 모짜렐라치즈,Western
109, 해쉬브라운 달걀 토마토 작은 것 크로와상 마요네즈 케찹 쌈채소 피망,Western
110, 계란 감자 양파 양송이버섯 소금 버터 모짜렐라치즈 딸기잼 혹은 크림치즈,Western
111, 팬네 치즈 옥수수콘 스팸 우유 소금 후추,Western
112,  호 닭 삼계탕 티백 바질 말린것 펜넬씨 버터 양파 찹쌀 소금 후추,Western
113, 닭가슴살 크림치즈 모짜렐라치즈 올리브유 버터 파슬리 소금 후추  소스  딸기잼 크랜베리주스 물 레몬즙 올리고당 토마토케찹 바베큐소스 백설탕 후추,Western
114, 버거패티 양념반달감자 참깨브리오쉬 토마토 브리오쉬번 적양파 마요네즈 케찹 베이비딜피클 베이컨 로메인 머스타드 체다슬라이스치즈,Western
115, 크림소스 빠네 스파게티니 무피클 베이컨 양파찹 양송이버섯 방울토마토 올리브오일 발사믹드레싱 파마산치즈 로메인 치커리 적근대 볶음아마씨 햄프씨드 파슬리가루,Western
116, 소고기 스테이크용 양송이버섯 당근 감자 마늘 베이컨 밀가루 치킨스톡 토마토페이스트 소금 백설탕 후추 버터 월계수잎 드라이 레드와인 미림,Western
117, 단호박 브로콜리 양파 버터 우유 시나몬,Western
118, 딸기 물 설탕,Western
119, 해남군고구마 생크림 카스테라,Western
120, 딸기 식빵 버터 꿀 생크림 아몬드슬라이스,Western
121,  피자반죽  밀가루 미지근한 물 백설탕 소금 인스턴트 드라이이스트 오일  토마토파스타  숏 파스타 토마토 양파 마늘 소금 바질 말린것 백설탕 토마토케찹 후추 베이컨  기타재료  모짜렐라치즈,Western
122, 단호박 꿀 시나몬가루 우유,Western
123, 닭 토마토 양파 다진마늘 바질 말린것 통마늘 버터 토마토케찹 백설탕 소금 후추 파마산치즈가루 파슬리,Western
124, 펜네 모짜렐라치즈 파마산치즈가루 다진 마늘 고춧가루 토마토소스 고추장 물엿 후춧가루,Western
125, 스파게티면 휘핑크림 크림치즈 모짜렐라치즈 양파 스팸 소금 후추,Western
126, 식빵 슬라이스햄 슬라이스치즈 딸기잼,Western
127, 맥앤치즈 계란 밀가루 빵가루 튀김용기름,Western
128, 글레이즈드도넛 스팸 슬라이스치즈 크림치즈 계란 밀가루 빵가루 튀김용기름,Western
129, 호박 가지 감자 양파 소시지 블랙올리브 모짜렐라치즈 밀가루 강력분 드라이이스트 소금 설탕 따뜻한 물 올리브유,Western
130, 옥수수콘 양파 우유 버터 소금 후추,Western
131, 닭날개 전분가루 소금 후추  양념소스  토마토케찹 칠리소스 식초 백설탕 다진마늘 양파 바베큐 소스,Western
132, 사과 식용유 핫케익가루 메이플시럽 슈가파우더 시나몬파우더,Western
133, 만두피 소시지 옥수수콘 피자치즈 토마토 스파게티 소스,Western
134, 꽃게 스파게티면 마늘 양파 버터 시판 토마토소스 미림 생크림 바질 말린것 소금 후추 고추가루,Western
135, 고구마 중  달걀 토마토 옥수수콘 베이비야채 마요네즈 버터,Western
136, 자두 사이다 민트 얼음  설탕 ,Western
137, 소고기 페투치네 휘핑크림 양파 새송이 소금 후추,Western
138, 콘킬리오니 크림치즈 시금치 모짜렐라치즈 후추 토마토소스 칠리후레이크,Western
139, 라자냐 토마토소스 치즈 시금치 양유치즈,Western
140, 고구마 우유 설탕,Western
141, 불린쌀 생크림 우유 소금  후추 파마산 치킨스톡 양파 버섯,Western
142, 블루치즈 펜네 양파 생크림 소금  후추 베이컨,Western
143, 모닝롤 감자 달걀 오이 양파 당근 마요네즈 소금 버터,Western
144, 닭가슴살    덩이 크림치즈    g 크랜베리    g 마요네즈   큰술 설탕   큰술 레몬즙   큰술 소금   꼬집 후추 약간,Western
145, 마카로니  인 분량 베이컨  줄 빵가루   큰술 버터   큰술 밀가루   큰술 우유  컵 슬라이스치즈  장 후추 약간 소금 약간 넛맥가루 약간 핫소스 약간 파슬리 약간,Western
146, 소고기등심 페투치니면 알프레도크림소스 우유 고추 양파 통마늘,Western
147, 닭가슴살 당근 양파 분유,Western
148, 소고기 소금  후추 토마토 소스 생모짜렐라 바질,Western
149, 감자 양파 표고버섯 버터 물 생크림 또는 우유 소금 후추 슬라이스치즈 식빵 고형 치킨스톡 파마산치즈가루,Western
150, 홍합 홍고추 쪽파 샬럿 올리브유 화이트와인 후추,Western
151, 식빵 계란 마요네즈 백설탕 연유 레몬즙 치킨스톡 후추,Western
152, 스파게티면 방울토마토 양파 마늘 물 토마토케찹 백설탕 후추 소금 치킨스톡 바질 파슬리 파마산치즈,Western
153, 호떡믹스 소세지 슬라이스치즈 설탕 케첩 마요네즈,Western
154, 흰살 생선 감자 맥주 이스트 밀가루  식초마요소스  마요네즈 연유 식초 후추 오이피클 할라피뇨,Western
155, 칵테일새우 통마늘 할라피뇨고추 올리브유 굴소스,Western
156, 다진쇠고기 페투치네면 클래식 알프레도 크림소스 올리브유 소금 후추,Western
157, 바게트 설탕 버터 시나몬,Western
158, 양파 계란 우유 튀김가루  카레가루  소금 후추 튀김용기름,Western
159, 에스프레소 설탕 얼음,Western
160, 닭다리 치킨튀김가루 물 우유 소금 후추 튀김용기름,Western
161, 계란 백설탕 소금 코코넛밀크 박력분 버터 베이킹파우더 코코넛롱 토핑용 견과류 메이플시럽,Western
162, 다이제 버터 크림치즈 설탕 라즈베리,Western
163, 마카로니 베이컨 생크림 체다치즈 후추,Western
164, 밀가루 백설탕 레몬 버터 베이킹파우더 바닐라에센스 럼주 코코넛롱 블루 색소  머랭  계란 백설탕  레몬아이싱  슈가파우더 레몬즙,Western
165, 깐 새우 샐러드용 채소 땅콩가루 마늘크런치 후추 올리브유 숏파스타 미림 레몬즙  오리엔탈 드레싱  양파 대파 통후추 다진마늘 진간장 물 미림 백설탕 올리고당 자두,Western
166, 페다치즈 오이 양파 방울토마토 블랙올리브 레몬즙 올리브오일 소금 후추,Western
167, 연어 소금 후추 마요네즈 꿀 레몬즙 피클 양파,Western
168, 새송이 버섯 우유 두부 양파 닭가슴살 마늘 소금 후추,Western
169, 채소 올리브유 꿀 다진마늘 소금 후추 바질가루 닭가슴살,Western
170, 버터 밀가루 우유 치킨스톡 후추,Western
171, 인스턴트라떼 인스턴트아메리카노 설탕,Western
172, 고구마 우유 아몬드 크랜베리 마요네즈 우유,Western
173, 맥도날드 불고기버거 감자튀김 피자소스 피자치즈,Western
174, 펜네 올리브유 베이컨 바질 말린것 파슬리가루 모짜렐라치즈 통후추 파마산치즈가루 다진 마늘 페페론치노,Western
175, 연어 올리브유 소금 후추,Western
176, 새우 양파 다진마늘 토마토  양념류  버터 토마토 페이스트 화이트 와인 치킨스톡  육수용  드라이 오레가노 월계수잎 페페로치니,Western
177, 페투치니면 새우 할라피뇨 월계수잎 통마늘 쪽파 소금 올리브오일 맛술 후추 아루굴라잎 발사믹식초  면수  물 소금,Western
178, 필라델피아크림치즈 오레오,Western
179, 양파 숙주 닭가슴살 바베큐소금 올리브유 간장 후추 다진마늘 쪽파 깨,Western
180,  치즈필링  크림치즈 판 젤라틴 다이제 버터 플레인요거트 백설탕 생크림 레몬즙 바닐라익스트랙  블루베리젤리  블루베리 백설탕 레몬즙 판 젤라틴 물  블루베리콩포트  블루베리 판 젤라틴 백설탕 레몬즙,Western
181, 사워도우슬라이스 새우  색파프리카,Western
182, 새우 브로콜리 삼색파프리카 새송이버섯 마늘,Western
183, 수박 플레인 요거트 가당  레몬즙 민트,Western
184, 감자 소금  후추 마요네즈 식초 설탕 당근과 오이 달걀,Western
185, 밀가루 미지근한 물 소금 오일 백설탕 인스턴트 드라이이스트 올리브 양파 청피망 할라피뇨 베이컨 닭가슴살 토마토소스 핫소스 토마토케찹 백설탕 말린바질가루 말린 고추 모짜렐라치즈 스트링치즈 케이준 파우더 소금 후추,Western
186, 베이컨 느타리버섯 팽이버섯 새송이버섯 후추,Western
187, 참외 브로콜리 삼색파프리카  드레싱  오미자청 포도씨오일 발사믹리덕션,Western
188, 토마토 스파게티 시판 토마토소스 후레쉬모짜렐라치즈 바질 블랙 올리브 페페로치노 올리브유 소금 후춧가루,Western
189, 스위트콘 파프리카 마요네즈 허니머스타드 설탕 후추,Western
190, 바게트 말린 바질 연유 파마산치즈가루 다진마늘 올리브유 후추,Western
191, 스파게티면 양파 다진 소고기 혹은 돼지고기 토마토 다진 마늘   큰술 케첩   큰술 설탕   티스푼 후추 약간 소금 약간 피자치즈 약간,Western
192, 블루베리 아보카도 방울토마토 메추리알 옥수수 플레인요거트 마요네즈 다진양파,Western
193, 연어 현미밥 오이 아보카도 양파 깻잎 김 무순 참기름,Western
194, 새송이버섯 주키니호박 마늘 크림소스 다진소고기,Western
195, 식빵 누텔라 베이컨 바나나,Western
196, 치킨너겟 감자튀김 칠리소스 슬라이스치즈,Western
197, 닭  밑간 양념  소금 후추 달걀 전분  양념소스  다진마늘 다진생강 고추장 간장 설탕 물엿,Western
198, 달걀 파마산치즈가루,Western
199, 양파 사과 우유 버터 또는 식용유 밀가루 토마토케찹 스테이크소스 소금 후춧가루 월계수잎 방울토마토,Western
200, 다크초콜릿 판젤라틴 생크림 우유 설탕,Western
201, 쌀밥 닭가슴살 대파 양파 청상추 혹은 치커리 계란 참기름  갈릭치킨양념  진간장 올리고당 다진마늘 후추 매실농축액 소금 참기름 물 굴소스 미림  고추장양념  고추장 돈가쓰 소스 깨소금 참깨 백설탕 토마토케찹 참기름,Western
202,,Western
203, 자투리채소 스팸 밥 스테이크소스 후춧가루 피자치즈 식용유,Western
204, 소고기 양송이버섯 양파 빨간피망 초록피망 노랑파프리카 주황파프리카 올리브오일 케찹 레드와인 굴소스 설탕,Western
205, 토마토 양파 치킨스톡 버터 밀가루 소금 설탕,Western
206, 빵 연어 홀스레디쉬소스와 케이퍼 오이,Western
207, 불린쌀 샤프란 버터 양파 치킨스톡 소금 파마산치즈,Western
208, 소금 후추 설탕 데미글라스소스 찬밥 남은 짜투리채소 버섯  파프리카  케찹 달걀 우유,Western
209, 감자 식용유 소금,Western
210, 감자 물 전분 식용유,Western
211, 식빵 다진마늘 마요네즈 연유 후추 스위트칠리소스 슬라이스 치즈 스트링치즈,Western
212, 다크초콜릿 젤리믹스 핫케이크가루 우유 달걀 애플민트 화이트초콜릿 밀크초콜릿 다크초콜릿,Western
213, 닭넓적다리살 감자 적 홍 노 파프리카 양파 양송이 아스파라거스 쪽파    크림 우유,Western
214,,Western
215, 계란 빵 베이컨 버섯 토마토,Western
216, 계란 빵 베이컨 버섯 토마토,Western
217,,Western
218, 소불고기 양송이버섯 양파 스파게티면 올리브오일 간장 설탕 다진 마늘 깨 후춧가루 참기름,Western
219, 달걀 물 식초 베이컨,Western
220, 베이글 크림치즈 블루베리 딸기,Western
221, 만두피 모짜렐라치즈 튀김용 기름,Western
222, 만두피 딸기 생크림 설탕,Western
223, 만두피 스위트콘 케찹 양파 소세지 치즈,Western
224, 감자 모짜렐라치즈 체다치즈 베이컨 파마산가루,Western
225, 대하 마늘 페페론치노 올리브오일 소금,Western
226, 베이글 누텔라 딸기잼 크림치즈,Western
227, 쫄면사리 생크림      우유     새우,Western
228, 단호박 베이컨 양송이버섯 크림      소금 후추 파마산치즈가루,Western
229, 누텔라 딸기잼 마시멜로 크래커,Western
230, 파프리카 양송이 버섯 양파 방울토마토 또띠아 올리브 고구마 슬라이스 햄 피자치즈 미트소스,Western
231, 스파게티면 불고기용 소고기 양송이버섯 느타리버섯 양파 올리브오일 소금 생크림 불고기소스,Western
232, 핫도그빵 후랑크 소시지 양상추 적양배추 어린잎채소 토마토 양파 하인즈  시판 칠리소스 머스터드 렐리쉬 마요네즈,Western
233, 달래 파스타면 진간장 소금 후추 베이컨 다진 마늘 쪽파 파마산치즈 버터,Western
234, 면 통모짜렐라 방울토마토 바질 소금  후추 파마산,Western
235, 초코칩쿠키 우유,Western
236, 다진쇠고기 다진돼지고기 양파 다진마늘 빵가루 파마산치즈가루 다진파슬리 달걀 토마토소스 물,Western
237, 스파게티면 소금 올리브오일 다진양파 생크림 우유 고춧가루 파마산치즈가루 다진마늘 핫칠리소스 소금 후추 버터 닭안심살 새우 오징어,Western
238, 식빵 계란 오이 마요네즈,Western
239, 파스타 페투치니  닭가슴살 토마토소스,Western
240, 바나나 다크초콜릿 생크림 카스테라 바닐라 에센스 계란노른자 우유 설탕 전분가루,Western
241, 통밀빵 피자치즈 양송이 양파 파프리카 베이컨 소세지 토마토소스 블랙올리브,Western
242, 양배추 양파 당근 옥수수통조림 피망 마요네즈 식초 설탕 소금,Western
243, 오이 사과 파프리카 호두 플레인요거트 마요네즈,Western
244, 쉘초콜릿 화이트  쉘초콜릿 초코  튜브형 가나슈 튜브형 헤이즐넛크림 다크커버처초콜릿 화이트커버처초콜릿 초코펜 화이트  초코펜 핑크  초코펜 초코  럼 위스키 복분자주 스프링클 아몬드분태,Western
245, 관자 베이컨 모듬샐러드채소 발사믹식초 식용유,Western
246, 콜리플라워 양파 생크림 우유 식빵 버터,Western
247, LA갈비 양파 당근 양송이버섯 감자,Western
248, 카스테라 생크림 딸기,Western
249, 옥수수캔 우유 양파 감자 버터,Western
250, 계란 우유 연어캔 슬라이스치즈 소세지 케첩 소금 후추,Western
251, 화이트커버춰초콜릿 건조과일,Western
252, 딸기 카스테라 크림치즈 가당생크림 플레인 요쿠르트 설탕  딸기 시럽  딸기 설탕 정수물,Western
253, 우유 물 디캡홍차티백 꿀 머쉬멜로,Western
254, 오징어몸통 파스타면 토마토소스 버터,Western
255, 닭다리살 정육    g 양송이  개 버터   큰술 밀가루   큰술 물   컵 우스타 소스   큰술 케첩   큰술 돈가쓰 소스   큰술 비프스톡   큰술 올리고당   큰술 설탕     큰술,Western
256, 파스타면 베이컨 마늘 양파 시금치 어린잎채소 우유 생크림 소금 후추,Western
257, 플레인 요거트 마요네즈 레몬즙 꿀 양상추 로메인 롤라로사 치커리 방울토마토 브로콜리 새우 전분가루 식용유,Western
258, 연어 양상추 비타민 청치커리 롤라로사 방울토마토 레몬 양파 케이퍼,Western
259, 감자 버터 소금 설탕 빵 달걀 베이크드빈스 샐러드채소 토마토 샐러드드레싱 또는 발사믹크림,Western
260, 생쌀 생크림 혹은 우유 간장 고춧가루 설탕 소금 후추 양송이 마늘 쪽파,Western
261, 다양한 맛의 아이스크림 우유 설탕 토핑용 견과류나 초콜릿,Western
262, 자두 설탕 레몬즙,Western
263, 스파게티면 토마토소스 방울토마토 양송이버섯 브로콜리 양파 마늘 소세지 물 소금 후추 그라나파나노 바질가루 페퍼론치노,Western
264,,Western
265, 쌀 새우 할라피뇨 양파 마늘 버터 소금 파마산 치즈가루,Western
266, 옥수수 콘 우유 감자 버터 소금,Western
267, 감자 베이컨 소금 후추 식용유,Western
268, 건 세모가사리 해초 오렌지 토마토 어린잎 채소 간장 식초 발사믹 식초 설탕 올리브유 다진마늘 후추,Western
269, 양배추 깻잎 파프리카 식초 물 설탕 피클링 스파이시,Western
270, 또띠아 토마토소스 소시지 청 홍피망 양파 옥수수콘 모짜렐라 치즈,Western
271, 식빵 딸기 바나나 키위 크림치즈 딸기쨈 메이플시럽,Western
272, 소고기 안심 로즈마리 소금 후추 올리브 유 비비빅 레드와인 버터,Western
273, 딸기 오렌지 돌나물 요거트 레몬즙 꿀,Western
274, 핫도그 빵 후랑크 소시지 슬라이스 치즈 양파 렐리쉬 케찹 머스터드 마요네즈,Western
275, 햄버거빵 소고기 슬라이스 치즈 토마토 파프리카 양상추 어린잎채소 마요네즈,Western
276, 밥 닭가슴살 우유 브로콜리 슬라이스치즈 파마산치즈가루 소금 후추 스위트콘,Western
277, 닭가슴살 양파 청피망 파프리카 마늘 소금 맛술 돈까스소스 고추장 물엿 고추기름,Western
278, 참치 파프리카 양파 마요네즈 고추냉이 빵 방울 토마토 바질잎 올리브유 레몬즙 식빵,Western
279, 과일 토마토 견과류 시리얼 요거트 마요네즈,Western
280, 오이 양파 삶은 달걀 식빵 토마토 통조림 옥수수 버터 소금 식초 마요네즈 머스터드 식초 소금,Western
281, 양배추 감자 양파 견과류 옥수수 소금 마요네즈 설탕 식초,Western
282, 빵 양배추 슬라이스치즈 계란 베이컨 마요네즈 허니머스타드소스 소금 후추 설탕,Western
283, 돼지고기 목살 소금 후춧가루 다진 생강 청주 양송이버섯 양파 다진 마늘 고추장 돈까스소스 물엿 물 감자 다진 양파 마요네즈 고추냉이 소금,Western
284, 파인애플 바나나 요거트 꿀,Western
285, 마요네즈 버터빵 크래미 오이 플레인요거트 레몬즙 설탕 소금 후추,Western
286, 닭가슴살 버섯 어린잎채소 토마토  개 다진 양파 다진 마늘 간장 식초 올리고당 올리브유 마늘 소금,Western
287, 새우 중하 바지락 양파 페페로치노 통조림 토마토 새송이버섯 월계수잎 다진 마늘 청주 설탕 소금 후춧가루,Western
288, 식빵 상추 베이컨 토마토 마요네즈 레몬즙 홀그레인 머스터드 다진 마늘 파마산치즈가루 꿀 소금 후춧가루,Western
289, 소고기 다짐육 생토마토 양파 마늘 케첩 설탕 소금 후추 피자치즈 스파게티면 파마산치즈가루 파슬리,Western
290, 핫도그 다진양파 다진피망 피자치즈,Western
291, 크림치즈 박력분   g 전분 달걀 설탕 설탕 버터 우유 바닐라에센스 레몬즙 카스테라,Western
292, 양배추 옥수수 마요네즈 레몬즙 식초 설탕 후추 소금,Western
293, 트러플소스 양송이 파스타 소금 후추 트러플오일,Western
294, 감자 작은 것 마늘 튀김유 슈가파우더 파마산치즈가루 케이준파우더 스위트 칠리소스 소금 후추,Western
295,  납작한 빵 토마토 루꼴라 피자치즈,Western
296, 찹쌀밥 달걀 호박 피망 햄 양파,Western
297, 닭날개 간장 닭육수 대파 양파 마늘 생강 설탕 청주 녹말물 매실액 통후추 칠리소스 피자치즈 요거트 밀가루 고운고춧가루,Western
298, 박력분 말린 크렌베리 럼 버터   g 설탕 소금 우유 베이킹파우더 달걀물,Western
299, 바지락 슬라이스 마늘 청양고추 다진 쪽파 레몬 청하 후추,Western
300, 양배추 적채 무 물 식초 설탕 소금 피클링스파이스 레몬즙  큰술 레몬 반개,Western
301, 식빵 슬라이스 치즈 소세지 계란 빵가루 케첩,Western
302, 고구마 식빵 스트링치즈 계란 빵가루 식용유 생크림 설탕,Western
303, 감자 양파 마늘 우유 휘핑크림 소금 후추,Western
304, 계란 밀가루 설탕 슈가파우더 휘핑크림 설탕,Western
305, 고구마 양파 파프리카 스위트콘 모짜렐라치즈 체다치즈,Western
306, 딸기 통밀쿠키 생크림 버터 크림치즈 설탕 플레인요구르트,Western
307, 파스타면 바지락 마늘 소금 후춧가루 올리브유,Western
308, 생쌀 육수 카레가루 혹은 카레큐브 강황가루 파프리카 양파 마늘 맛술 혹은 화이트와인 바질 파슬리,Western
309, 컬리플라워 베이컨 양파 생크림 우유 버터 밀가루 소금 후추 파슬리 피자치즈 핫소스,Western
310, 후랑크소세지 스파게티 치즈 파슬리 자이언트떡볶이,Western
311, 마늘 다진 마늘 소고기 파스타면 소금 후추 파마산 치즈가루 시판 바질페스토,Western
312, 양파 감자 달걀 소세지 베이컨 소금 후추 올리브 오일,Western
313, 달걀 소금 후추 우유 물 버터 오일 스위트콘 토마토 샐러드 발사믹식초 치즈 베이컨 버터 바게트 버터 소세지 오일 토마토 소스 파슬리,Western
314, 난 페퍼로니피자 모짜렐라치즈 올리브 토마토소스 밀가루,Western
315, 강력분 이스트 소금 물 오일 양송이버섯 양파 다진소고기 다진마늘 올리브유 토마토소스 모짜렐라치즈,Western
316, 깻잎 파스타면 올리브유 물 마늘 소금 후추 소세지 양파 매운고추,Western
317, 가지 토마토소스 올리브유 파스타면 소금 후추,Western
318, 식빵 케이퍼 레몬즙 양파 크림치즈 식용꽃 허브 꿀 훈제연어,Western
319, 페퍼로니피자 중력분 소금 드라이이스트 피자치즈 토마토소스 올리브유,Western
320, 닭 양파 파프리카 양송이버섯 버터 파슬리 통후추 우유 소금 밀가루,Western
321, 양배추 할라피뇨 마요네즈 소금 후춧가루 설탕,Western
322, 베이글 크림치즈 블루베리 잼 호두 메이플 시럽 베이컨 양파,Western
323, 스트링치즈 라이스페이퍼 빵가루 파슬리가루  선택  계란  선택  밀가루,Western
324, 냉동손질관자 양파 양송이버섯 페투치니 알프레도크림소스 다진마늘 아루굴라잎 버터,Western
325, 식빵 스팸 마요네즈 다진마늘 꿀 치즈믹스,Western
326, 홍합 토마토소스 토마토 샬롯 양파 스냅콩 쪽파 올리브유,Western
327, 오징어몸통 양파 튀김가루 계란 빵가루,Western
328, 버터 설탕 다크커버춰 바닐라 익스트랙 박력분 코코아파우더 계란 슈가파우더,Western
329, 아보카도 뜨거운물  또는 분유 ,Western
330, 칠리소세지 푸실리면 피자치즈,Western
331, 감자 브로콜리,Western
332, 새우 페퍼론치노 마늘 올리브유 소금 후추,Western
333, 숏파스타 토마토소스 빨간파프리카 노란파프리카 청피망 방울토마토 슬라이스블랙올리브 피자치즈,Western
334, 브로콜리 감자 계란 옥수수통조림 마요네즈 소금 후추 방울토마토 슬라이스 치즈 파마산 치즈가루,Western
335, 등갈비 월계수잎 통후추 대파 생강 소주 물 간장 핫소스 청주 바베큐소스 케첩 꿀 다진마늘 다진생강,Western
336, 강력분 설탕 인스턴트 드라이이스트 소금 따뜻한 물 토마토소스 케첩 핫소스 바질 올리고당 혹은 설탕 훈제 혹은 생닭가슴살 케이준 파우더 소금후추 모짜렐라 치즈 파마산치즈가루 파슬리,Western
337, 핫케이크믹스 계란 물 설탕 생크림 체리 블루베리 코코아가루 슈가파우더,Western
338, 바나나 계란노른자 통밀가루 올리브유,Western
339, 머핀 크림치즈 누텔라 생크림 초코칩 엠앤엠즈 초콜릿 프레첼과자,Western
340, 딸기 머핀 생크림 바닐라설탕 누텔라,Western
341, 딸기 식빵 생크림 설탕,Western
342, 딸기 식빵 누텔라,Western
343, 새우 토마토스스 계란 바질 파마산치즈가루 소금 후춧가루 마늘 양파 올리브유,Western
344, 햄버거빵 우민찌 토마토 양상추 피클 슬라이스 체다 치즈 달걀 할라피뇨 오일  패티 양념  다진 양파 달걀 빵가루 소금 후추 오일  스파이시 소스  하인즈 칠리소스 케찹 핫소스 페페로치노,Western
345, 닭다리 고추장 케찹 올리고당 다진마늘 깨,Western
346, 소고기 등심 새송이 노랑 파프리카 빨강 파프리카 양파 브로콜리 마늘 어린잎 채소 화이트 와인 소금 후추 오일  스테이크 소스  물 케찹 우스터 소스 후추,Western
347, 백합 통마늘 청양고추,Western
348, 연어 레몬슬라이스,Western
349, 모닝빵 마요네즈 머스타드 소스 상추 슬라이스 햄 슬라이스 치즈 토마토 방울빵 초코정크,Western
350, 소고기 양파 버터 소금후추 디종 머스터드 홀그레인머스터드 그린올리브,Western
351, 닭 감자 당근 애호박 찹쌀 버터 올리브유 다진 마늘 레몬즙 바질 파슬리 월계수 잎 소금후추,Western
352, 어린 아루굴라 잎 토마토,Western
353, 홍합 양파 파프리카 토마토 페페론치노 마늘 토마토소스 화이트와인 물 올리브오일 버터 소금 후추,Western
354, 양파 페퍼로니햄 토마토소스 파마산치즈가루 스트링치즈 밀가루 바질가루 고운고추가룬 빵가루 계란,Western
355, 닭다리 베이컨 로즈마리,Western
356, 콘씨리얼 닭안심살 마늘가루 후추 소금 고운고춧가루 BBQ소스 케찹 꿀,Western
357, 또띠아 누꼴라 방울 토마토 모짜렐라 치즈 시판 토마토 소스,Western
358, 흰자 설탕 색소 스프링클,Western
359, 쌀밥 소고기 우둔살 미니 새송이 양파 달걀 방울토마토 특수야채 어린잎채소 오일  패티 양념  다진 양파 달걀 빵가루 소금 후추  스테이크 소스  물 케찹 우스터 소스 후추,Western
360, 스파게티 펜네 바지락  또는 모시조개  마늘 양파 페페로치노 어린잎 채소 화이트 와인 소금 후추 오일,Western
361, 소양지살 당근 두부 고구마 시금치,Western
362, 와인 사과 레몬 자몽 귤 계피스틱 설탕,Western
363, 시판 감자튀김 갈릭파우더 칠리파우더 슈가파우더 파마산치즈가루 후추 쪽파 나쵸치즈소스 칠리소스,Western
364, 흙애서 오트밀 견과류 쿠키,Western
365, 밀가루 미지근한 물 설탕 오일 인스턴트 드라이이스트 구이용 소고기 컬리플라워 양송이 양파 우유 다진마늘 밀가루 버터 피자치즈 계란 파슬리 케첩 핫소스 스위트 칠리소스 설탕 바비큐 소스,Western
366, 버터 자일로스설탕 바닐라엑스트라 소금 달걀노른자 박력분 베이킹파우더,Western
367, 강력분 박력분 설탕 소금 드라이이스트 따뜻한 물 따뜻한 우유 따뜻한 생크림 계란 버터 계란노른자 설탕 박력분 우유 버터,Western
368, 마카로니 옥수수통조림 당근 양파 완두콩 버터 우유 피자치즈 마요네즈 소금 후추,Western
369, 양파 각종 잎채소 발사믹식초 올리브유 소금,Western
370, 오레오오즈 아몬드 호두 코팅용초콜릿,Western
371, 리코타치즈 식빵 딸기 블루베리 키위 블루베리잼 슈가파우더 치즈 애호박 빨간파프리카 노란파프리카,Western
372, 파스타면 베이컨 양파 마늘 양송이 브로콜리 어린잎채소 우유 무가당 생크림 파마산 치즈가루 드라이 파슬리 소금 후추 오일,Western
373, 느타리버섯 양송이 소금 후추 다진양파 생크림 우유 버터 밀가루,Western
374, 강력분 소금 설탕 버터 우유 인스턴트 드라이이스트 땅콩버터 게란 옥수수전분 중력분 베이킹파우더,Western
375, 양배추 당근 사과 소금 백설탕 레몬즙 마요네즈,Western
376, 흙애서 치아씨드 돌나물 귤 요거트 유자청 꿀,Western
377, 계란과자 허쉬초코우유 설탕,Western
378, 스파게티면 바지락 마늘 화이트와인 매운건고추 올리브오일 소금 소금 후추,Western
379, 스파게티 양송이 방울토마토 브로콜리 페페로치니 파슬리 오일  토마토 소스  시판 토마토 홀 캔  다진 마늘 양파 우민찌 화이트와인 월계수잎,Western
380, 감자 피자치즈 휘핑크림 후추,Western
381, 다진소고기 슬라이스치즈 토마토 꽃상추 햄버거빵 버터 올리브오일 소금 후추 다진피클 마요네즈 케찹 다진마늘 고춧가루 홀머스타드,Western
382, 고구마 베이컨 양파 브로콜리 달걀 옥수수콘 우유 머스터드 설탕 파슬리,Western
383, 마트양념불고기 양송이버섯 팽이버섯 쪽파 스파게티면 물,Western
384, 쿠킹클래스 자세한 신청 정보는  신청하기 를 클릭해주세요 참석자 전원에게는  만원 식사권이 제공됩니다,Western
385, 쿠킹클래스 자세한 신청 정보는  신청하기 를 클릭해주세요  참석자 전원에게는  만원 식사권이 제공됩니다,Western
386, 스파게티면 또는 파스타면 베이컨 마늘 케찹 양파 피망 파마산치즈가루 오일 소금 후추 파슬리가루,Western
387, 미니 통식빵 스파게티면 양파 새우살 스파게티소스 우유 다진 마늘 후춧가루,Western
388, 새우 양파 양송이버섯,Western
389, 흙애서 병아리콩 피자치즈 스파게티 소스 파슬리,Western
390, 밀가루 코코아파우더 설탕 계란 버터 베이킹파우더 시판 초콜릿 토핑용 말린 과일 및 견과류,Western
391, 계란 설탕 딸기잼 버터,Western
392, 식빵 체다치즈 양상추 토마토 슬라이스 닭가슴살 달걀 소금 후추  홀그레인 머스터드 소스  마요네즈 옐로우 머스터드 홀그레인 머스터드 꿀,Western
393, 흰쌀밥 홍합 양파 마늘 페페로치니 또는 월남고추  할라피뇨 절임  드라이 파슬리  시판 치킨스톡 소금 후추,Western
394, 삶은달걀 양파 홀할라피뇨 마요네즈 케찹 소금과 후추 레몬즙,Western
395, 찬밥 닭안심 양송이 브로콜리 양파 마늘 페페로치니 베이비야채 우유 생크림 치킨스톡큐브 화이트와인 파마산치즈 드라이 바질 소금 후추,Western
396, 달걀 베이컨 양송이 방울토마토 드라이 바질 버터  크레페 반죽  밀가루 우유 설탕 소금 달걀 버터,Western
397, 닭가슴살 스파게티면 토마토소스 양파 모짜렐라치즈,Western
398, 크로와상 슬라이스 치즈 맛살 샌드위침 햄 토마토 치커리or양상추 마요네즈 허니머스타드소스 피클 설탕,Western
399, 헤이즐넛 코코아가루 슈가파우더 기름,Western
400, 식빵 계란 우유 소금 크림치즈 과일잼 시리얼,Western
401, 파스타면 마늘 올리브유 페퍼론치노 파마산치즈가루 굵은소금 후추 파슬리,Western
402, 홍합 버터 다진마늘 파슬리 허브솔트 빵가루,Western
403, mussels butter minced garlic parsley powder herb salt breadcrumb,Western
404, 쪽파 휘핑크림 진간장 페투치니면 칵테일새우 고춧가루 청주 다진마늘 캐첩 브로콜리 양송이버섯 베이컨 식용유 다진마늘 후추,Western
405, 바게트 버터 설탕 마늘 다진마늘 파슬리 스파게티면 페페론치노 블랙올리브 파마산치즈 소금 후추 올리브유 로즈마리,Western
406, baguette butter sugar garlic minced garlic parsley powder spaghetti noodle peperoncino black olives parmesan cheese powder salt pepper olive oil rosemary,Western
407, scallion heavy cream soy sauce fettuccine noodle small shrimps red chili powder Cheng ju  cooking wine  minced garlic ketchup broccoli button mushroom bacon cooking oil minced garlic for sauce pepper,Western
408, 박력분 버터 슈가파우더 소금 달걀노른자 우유 흙애서 볶은 아마씨 계란 흰자 설탕,Western
409, 식빵 계란 제철과일 우유 소금 설탕 버터 메이플시럽 슈가파우더 견과류,Western
410, 크렌베리쥬스 리치통조림 블루베리,Western
411, green apple banana marshmallows peanut butter peanut chocolate deco pen,Western
412, cranberry juice litchi blueberry,Western
413, 카스테라 우유 코팅용초콜릿망고 코팅용초콜릿딸기 초코펜,Western
414, 새우 미니당근 방울양배추 양송이버섯 애호박 청양고추 고추장 물 다진마늘 소금 다시다 후추 올리브유 맛술,Western
415, 옥수수캔 마요네즈 설탕 비엔나소시지 파프리카 양파 피자치즈,Western
416, 베이컨 계란 빵 마요네즈 후추가루 버터 파마산치즈가루 마늘 실파 숙주 굴소스 식초,Western
417, 닭가슴살 버터 크림치즈 소금 후추 올리브유 시금치,Western
418, 생크림 호두 아몬드 버터,Western
419, 다짐육 시금치 피자치즈 버터 생크림,Western
420, 계란 버터 새송이버섯 소금,Western
421, 슬라이스치즈 크림치즈,Western
422, 가지 다짐육 토마토 계란 피자치즈 버터 올리브유,Western
423, 달걀 버터 무가당생크림 브로콜리 소금 올리브유 후추,Western
424, 계란 버터 슬라이스치즈 소금 잎채소 토마토,Western
425, 계란 갈비살 양송이 버터 올리브유 슬라이스치즈,Western
426, 블랙커피믹스 버터 코코넛오일 슬라이스치즈,Western
427, 누텔라 바나나 핫케이크가루 우유 계란 슈가파우더 식용유,Western
428, 양송이버섯 버터 파스타면 양파 중간크기  맛술 휘핑크림 or 생크림  소금 후추,Western
429, 후랑크소시지 츄러스믹스 케찹 머스타드 시나몬가루,Western
430, 스파게티면 달걀 다진 파슬리 다진 마늘 오뚜기미트볼 토마토소스 양파 올리브오일 소금,Western
431, 소금 마카로니 버터 밀가루 우유 모차렐라치즈 슬라이스치즈 밀가루 계란 치토스,Western
432, 물엿 누텔라 커피가루 물 빨간색소,Western
433, 밀가루 베이킹파우더 소금,Western
434, 계란 소시지 우유 방울토마토 양송이 양파 올리브 감자 소금 후추 식용유,Western
435, 양파 버터 소금 물 바게트 모짜렐라치즈,Western
436, 단호박 양파 생크림 우유 바게뜨빵 설탕 다진마늘 파슬리 소금 후추 버터 파마산치즈가루,Western
437, 블루베리 설탕 레몬즙 크림치즈 베이글 오레오 초코칩 누텔라 커피 설탕 따뜻한 물,Western
438, 닭 밀가루 카레가루 빵가루 우유 물엿 캐쳡 고추장 간장 다진마늘 고춧가루 물 설탕,Western
439, 새우 코코넛 슬라이스 밀가루 소금 후추 계란,Western
440, 핫케익믹스 물 계란 소세지 라면 베이컨 치즈,Western
441, 버터 꿀 휘핑크림 or 생크림  소금 바닐라에센스,Western
442, 크림치즈 슈가파우더 전분 요거트작은거 애플민트,Western
443,,Western
444, 사과 설탕 식빵 계핏가루 버터,Western
445, 백설 쿠킷 삼겹살 마늘 물 우유,Western
446, 배 꿀 대추 잣 사과 설탕 계핏가루 식빵 버터,Western
447, 오레오 버터 땅콩버터 초콜릿 땅콩분태 코코넛칩,Western
448, 단호박 크랜베리 마요네즈 올리고당 파슬리,Western
449, 청양고추 큰 소세지 숏파스타 파르팔레  우유 소금 후추 양파 버터 밀가루,Western
450, 오이 양파 미니양배추 레몬  선택재료  통후추 피클링스파이스  배합초  소금 설탕 물 식초,Western
451, 백설 쿠킷 크래커 스팸 큐브치즈 참치 마요네즈,Western
452, 연어 부추 밀가루 마늘 양파 팽이버섯 표고버섯 굴소스 마요네즈 쯔유,Western
453, 우유 프레첼 바닐라 아이스크림 캐러멜 시럽 생크림 피넛버터 브라우니 커피 초코시럽,Western
454, 홍합 스파게티면 토마토소스 양파 토마토,Western
455, 백설 쿠킷 마늘 새우 우유,Western
456, 소금 파스타 면 단호박 버터 양파 슬라이스 햄 우유 생크림 파마산치즈 후추,Western
457, 닭가슴살 양파 또띠아 모짜렐라 치즈 피망 파인애플 고춧가루 간장 고추장 올리고당 다진마늘 참기름,Western
458, 만두피 설탕 계피가루,Western
459, 카펠리니면 토마토 할라피뇨 양파 그라나파다노 치즈 올리브오일 바질 레몬쥬스 소금 설탕 후추,Western
460, 작은감자 베이컨 메추리알 마요네즈 엔쵸비 꿀 소금 후추 파슬리,Western
461, 바질 마늘 올리브오일 파마산치즈 소금,Western
462, 등심 양지 우둔살 소금 후추 마요네즈 피클 케첩 머스타드 마늘 파우더 파프리카 가루 카옌 페퍼 체다치즈 햄버거빵 상추 토마토,Western
463, 식빵 베이컨 토마토 양파 슬라이스치즈 양상추 버터 마요네즈 머스타드소스,Western
464, 스파게티 소금 가지 올리브 오일 건 고추 마늘 양파 참치 후추,Western
465, 꽃게 스파게티 토마토스파게티소스 생크림 소금  후춧가루 양파 마늘 파마산치즈가루 올리브오일,Western
466, 할라피뇨 햄 크루아상 치즈 갈릭마요소스 와사비,Western
467, 바게트빵 명란 큰것  올리브유 파슬리 or 바질  후추 피자치즈,Western
468, 식빵 크림치즈 천도복숭아 키위 방울토마토 복분자,Western
469, 까망베르치즈 견과류 캐슈넛 아몬드 호두 피칸  크래커 꿀,Western
470, 소고기 핫도그번 양파 피자치즈 스테이크소스 or 돈가스소스  소금 후추,Western
471, 대하 마늘 버터 다진마늘 연유 올라고당 파슬리 소금 후추 맛술 파마산치즈가루 고운고춧가루,Western
472, 햄버거빵 소고기 슬라이스치즈 양상추 토마토 달걀 양파 피클 베이컨 스테이크소스 칠리소스,Western
473, 스파게티면 비엔나소시지 양파 토마토소스 케첩 설탕 소금 후추 계란 맛술 물,Western
474, 계란 양파 토마토홀 머스터드소스 베이컨 빵 소금 후추,Western
475, 돼지고기갈은거 소금 후추 양파 데미글라스 양파 완두콩삶은것 치즈 달걀,Western
476, 모닝빵 콩 양파 상추 소금 후추 계란 치즈 토마토 머스터드소스 스테이크소스 밀가루 중력분 ,Western
477, 파스타면 베이컨 양파 작은것  소금 후추  콩국크림소스  콩국물 우유 치즈가루 얼음,Western
478, 돼지등심 달걀 밀가루 빵가루 소금 후추 시판용 크림소스 냉동채소 매운 고춧가루,Western
479,,Western
480, 돼지고기목살 파인애플  통조림  쌈채소  비트잎  치커리 등  그릭요거트 레몬즙 물엿 스테이크소스 물엿 오렌지즙  착즙  주스 모두 OK   계란 소금  후춧가루,Western
481, 연어 쌈채소  치커리  비트잎 등  케이퍼 파프리카   무순 마요네즈 레몬즙 꿀 양파다진것 영양부추,Western
482, 박력분 버터 계란 설탕 베이킹파우더 초콜릿,Western
483, 핫케익가루 우유 달걀 바나나 초코맛아이스크림콘,Western
484,  토스트재료 식빵  토스트재료 햄  토스트재료 허니머스타드  토스트재료 양상추  토스트재료 칠리소스  토스트재료 달걀  딸기스무디재료 냉동딸기 딸기 HONEY POWDER,Western
485, 스팀랍스터 마늘 레몬 다진마늘오일 올리브오일 샐러드모듬채소 로메인토마토 버터 로즈메리,Western
486, 등심스테이크 블랙타이거새우 숙주 데리야끼소스 식용유 차이브,Western
487, 양배추 간 돼지고기 소금 후추 양파 슬라이스치즈 밥 밀가루 수프분말 우유,Western
488, 스파게티면 다진할라피뇨 칠리소스 발사믹 올리고당 후추 블랙올리브 옥수수 방울토마토 샐러드용채소,Western
489, 새우 소금 후추 다진마늘 칠리플레이크 레몬즙 다진마늘 올리고당 파슬리 샐러드용채소 미니새송이버섯 발사믹식초,Western
490, 페투치니면 자숙새우 진간장 맛술 고춧가루 양송이버섯 마늘 올리브유 농축치킨스톡 파마산치즈가루 후춧가루 소금 휘핑크림 우유 쪽파 진간장,Western
491, 감자 샌드위치햄  생식용  파프리카색깔별로 삶은계란 방울토마토 허니머스타드소스 홀그레인머스타드 마요네즈 후춧가루 파마산치즈가루 오이,Western
492, 소금 후추 스파게티 방울토마토 바질 다진마늘,Western
493, 방울토마토 다진바질 소금 후추 만두피 마스카포네치즈 발사믹식초,Western
494, 감자 마요네즈 소고기 스테이크소스 소금 후추,Western
495, dumplings green onion red chili pepper minced garlic  Sauce  oyster sauce soy sauce minced garlic starch syrup vinegar lemon extract red chili powder sugar,Western
496, 계란 소시지 소금 후추 밀가루 빵가루,Western
497, 모닝롤 베이컨 슬라이스치즈 달걀 어린잎채소 마요네즈 소금 후추,Western
498, 흰살생선 감자 소금 후추 계란흰자 전분가루 맥주,Western
499, 달걀 잉글리쉬머핀 방울토마토 자투리채소 슬라이스치즈 스위트칠리소스  선택재료  베이컨,Western
500, 머핀 마스카포네치즈 계란 설탕 인스턴트커피 코코아파우더,Western
501, 병아리콩 오이 방울토마토 파프리카  선택재료  파인애플  드레싱  꿀 레몬즙 올리브유 소금 파슬리가루,Western
502, 쌀 토마토소스 올리브오일 파프리카 양파 오징어 홍합 새우 양송이버섯,Western
503, egg mayonnaise honey mustard salt  pepper Baby lettuce blend Thai pepper,Western
504,   인치 또띠아 다진소고기 토마토 오이 체다슬라이스치즈,Western
505, 달걀 마요네즈 허니머스타드 소금후추 어린잎 타이고추,Western
506, 식빵 햄 슬라이스치즈 로메인 토마토 달걀 어린잎채소 스테이크소스,Western
507, baguette sliced ham cucumber olives  Pepper cream cheese  cream cheese mayonnaise pepper sugar basil lemon juice  or vinegar ,Western
508, 양배추 치즈 소금 후추 다진마늘 토마토소스 물 다진소고기,Western
509, tortilla  medium size  chicken breast cabbage bell pepper mustard sauce honey lemon juice  or vinegar  basil cooking wine  or mirim  salt pepper,Western
510, potato milk mozzarella cheese  Optional  butter Parmesan cheese powder minced garlic parsley powder  Season  salt pepper,Western
511, 감자 우유 피자치즈  선택재료  버터 파마산치즈가루 다진마늘 파슬리가루  양념  소금 후춧가루,Western
512, crab stick onion  small  whipping cream  fresh cream  flour flour panko bread crumbs eggs butter salt pepper,Western
513, 계란 양상추 잎채소 발사믹식초 올리브유 레몬청 방울토마토,Western
514, tomato onion paprika canned  cooked beans  olives  Sauce  olive oil lemon juice honey salt,Western
515, 홍피망 청피망 파프리카 양파 돼지고기 or소고기구이용   선택재료  양송이버섯  고기밑간  청주 소금 후춧가루 다진마늘  소스  다진마늘 우스터소스 or 간장  맛술 고추장 물엿 토마토케찹 물 후춧가루,Western
516, SPAM green bell pepper yellow bell pepper onion cream sauce tomato sauce Springroll pastries,Western
517, red bell pepper green bell pepper yellow bell pepper orange bell pepper onion pork  or beef   Optional  button mushroom  Meat marinade  cooking wine salt pepper minced garlic  Sauce  minced garlic Worcester sauce  or soy sauce  cooking wine  or mirim  Gochu jang  Korean red chili paste  syrup tomato ketchup water pepper,Western
518, 파인애플스틱 또띠아 치즈 토마토소스 파슬리 햄,Western
519, tomato sauce water salt fusilli olive oil sesame seeds black sesame seeds sugar salt balsamic vinegar sesame oil chicken breast baby leaf lettuce tomato,Western
520, tomato chives  Sauce  red pepper powder fish sauce minced garlic plum syrup vinegar ground sesame seed sesame oil,Western
521, 토마토 소스 물 소금 푸실리 올리브 오일 참깨 검은깨 설탕 소금 발사믹 식초 참기름 닭 가슴살 어린잎 채소 토마토,Western
522, 식빵 양파 계란 설탕  취향에 따라 가감  식용유 슬라이스햄,Western
523, 흰살생선 밀가루 버터 레몬즙 파슬리 소금,Western
524, eggs vinegar salt flour bread crumbs parsley,Western
525, 살라미슬라이스 멜론 꼬치,Western
526, 달걀 토마토 소시지 쪽파,Western
527, 양송이버섯 sweet corns mayonnaise tomato sauce pizza cheese,Western
528, tortilla     inch  small shrimps scallion bell pepper cabbage tomato,Western
529, 양송이 옥수수 마요네즈 토마토소스 피자치즈,Western
530, sliced salami melon skewer sticks,Western
531, 토마토 생모짜렐라 어린잎 발사믹식초 소금 후추 올리브오일,Western
532, Konjac jelly chili pepper  braise sauce  soy sauce cooking wine  or mirin  sugar syrup sugar pepper,Western
533, 식빵 딸기잼 치츠 베이컨 계란 파슬리,Western
534, 오이 양파 삶은달걀 식빵  선택재료  토마토 통조림옥수수 버터  양념  마요네즈 머스터드 레몬즙 or 식초  소금 후춧가루,Western
535, sliced sandwich bread strawberry jam cheddar cheese bacon egg parsley,Western
536, Pancake mix milk egg Oligo dang  oligo saccharide syrup  cinnamon powder bananas,Western
537,  분 미트볼 파스타 토마토소스 물 파마산치즈 양파,Western
538, panini bread bell peppers sliced salmon tomato sauce sliced cheese,Western
539, 참치 콘옥수수 마요네즈 마가린 머스타드소스 소금 식빵,Western
540, 완숙 햇토마토 방울토마토 칠리토마토과육 캔 베이컨 스위스치즈슬라이스,Western
541, tuna canned corn mayonnaise margarine mustard sauce salt sliced sandwich bread,Western
542, 치아바타빵 파프리카 연어슬라이스 토마토소스 슬라이스치즈,Western
543, tomato cherry tomatoes canned whole tomatoes bacons sliced swiss cheese,Western
544, potato onion margarine water     whipping cream,Western
545, 감자 양파 마가린 물 휘핑크림,Western
546, 베이크드빈스 방울토마토 베이컨 달걀 호밀빵,Western
547, 방울토마토 레몬청,Western
548, 파프리카  미니파프리카   개정도  피클링스파이스 물 식초 설탕 소금,Western
549, 파스타 양파 작은 브로콜리 양송이 버섯 방울토마토 소시지 토마토소스 물 소금 후추 바질 파슬리,Western
550,   serving pasta onion broccoli  small  button mushroom cherry tomatoes sausage tomato sauce water salt pepper basil parsley,Western
551, 당근 중간것  달걀 소금 우유 핫케이크가루 포도씨유 견과류 계피가루 크림치즈 슈가파우더 레몬즙 or 식초 ,Western
552, carrot  medium  egg salt milk pancake mix grape seed oil nuts cinnamon powder cream cheese sugar powder lemon juice  or vinegar ,Western
553, 생쌀 치킨스톡 양파 작은것  베이컨 소금 후추 통깨 파슬리,Western
554, uncooked rice chicken stock onion  small  bacons salt pepper sesame seeds parsley,Western
555, 핫도그빵 양상추 양파 소시지 다진피클 머스터드소스 케첩,Western
556, 감자 양파 양송이버섯 브로콜리 우유  양념  버터 or 올리브유  소금 후춧가루,Western
557, potato onion button mushroom broccoli milk  Sauce  butter  or olive oil  salt pepper,Western
558, zucchini eggplant tomato tomato sauce olive oil salt pepper,Western
559, 애호박 가지 토마토 토마토소스 올리브오일 소금 후추,Western
560, pancake mix mango frozen mango milk     fat  vegetable oil egg whipped cream margarine cream cheese sugar,Western
561, 녹차티백 or 가루녹차  레몬 설탕시럽 탄산수,Western
562, canned sea snail raspberries crackers sprout blend,Western
563, 핫케익믹스 망고 냉동망고   우유 식물성기름 달걀,Western
564, 골뱅이 라즈베리 크래커 새싹,Western
565, green tea bag  or green tea powder  lemon syrup sparkling water,Western
566, 나초 양파 토마토 아보카도 레몬즙 소금,Western
567, 계란 설탕 슬라이스치즈  선택재료  슈가파우더 파슬리,Western
568, 닭날개 우유 간장 핫소스 물엿 케첩 고추장,Western
569, 감자 베이컨 밀가루 소금 후추 모짜렐라치즈 체다치즈 사워크림,Western
570, potato bacon flour salt pepper pizza cheese sliced cheddar cheese sour cream,Western
571, chicken wings milk soy sauce tabasco sauce starch syrup ketchup Gochu jang  Korean red chili paste ,Western
572, 아보카도 오렌지 토마토 사과 어린잎채소,Western
573, 링귀니 명란 양파 마늘 화이트와인 생크림 올리브 오일,Western
574, inguine pollack roes onion sliced garlic white wine heavy cream olive oil,Western
575, 얼린 우유 비비빅 빼빼로 오레오 슈가파우더,Western
576, 감자 소  양파 베이컨 슬라이스치즈 모짜렐라치즈 소금 후추,Western
577, 냉동새우 오징어 바게트 올리브유 페퍼론치노 마늘,Western
578, 식빵 훈제닭가슴살 팩 토마토슬라이스 양파 슬라이스치즈 양상추 로메인상추쓰시면 더욱좋아요   마요네즈 간장 미림이나 소주 마늘 파 양파 설탕 물 물엿 녹말물,Western
579, 동그랑땡 모닝빵 슬라이스치즈 칠리소스 느타리버섯 토마토,Western
580, pancake mix milk egg margarine shred pizza cheese,Western
581, 핫케익믹스 우유 달걀 마가린 모짜렐라치즈,Western
582, 계란 식빵 피클 옥수수통조림 마요네즈 허니머스터드 설탕 파마산치즈가루 소금 후추,Western
583, eggs sliced sandwich bread pickle canned sweet corn mayonnaise honey mustard sugar parmesan cheese powder salt pepper,Western
584, 라임 없으면 레몬으로 대체  라임쥬스 탄산수한병 설탕 애플민트 얼음,Western
585, 감자 베이컨 생크림 플레인요거트 레몬즙 체다슬라이스치즈 파슬리가루 버터,Western
586, tomato bacons shredded pizza cheese bagel  Optional  olives balsamic reduction sauce baby lettuce vinegar honey olive oil,Western
587, hard flour  or multi purpose flour  lukewarm water sugar salt oil instant dry yeast chicken breast green bell pepper tomato sauce,Western
588, spaghetti noodles salt lettuce sesame leaves red chili powder sesame oil Samgyeobsal  pork belly  whole garlic teriyaki sauce,Western
589, cheese zucchini morning roll chicken breast white wine  or cooking wine  starch powder granulated garlic  sauce  tomato Gochu jang  Korean red chili paste  ketchup sugar pepper pepper,Western
590, prawns ketchup lemon juice white wine Worcester sauce tabasco sauce minced garlic,Western
591, pasta noodles miso paste spinach granulated garlic bacons whipping cream  or fresh cream  milk cooking wine  or mirim  salt pepper,Western
592, 감자 양파 쪽파 베이컨 계란,Western
593, shrimps rice papers salt pepper,Western
594, 크래커 체리 크림치즈 어린잎채소,Western
595, cracker cherry cream cheese baby lettuce,Western
596, LA Galbi  Korean short rib BBQ  sweet dessert wine salt and pepper asparagus sweet potato balsamic vinegar  olive oil,Western
597, hotdog bun sausage onion cabbage tomato cucumber chilli sauce mayonnaise cooking oil mustard sauce,Western
598, LA갈비 디저트와인 달콤한와인  소금   후추 아스파라거스,Western
599, 감자 식빵 달걀노른자 달걀,Western
600, potato sliced sandwich bread egg yolk carrot egg scallion mayonnaise pepper salt,Western
601, strawberry plain yogurt    fat milk honey,Western
602, Ggodubap  hard boiled rice  vinegar cooking wine  or mirim  salt dried kelp sugar salmon piceces,Western
603, minced beef button mushroom mushroom cream sauce instant lasagnas sliced green onion salt pepper cooking wine minced garlic  olive oil  shredded pizza cheese slice of cheddar cheese water boiling lasagna olive oil for boiling lasagna salt for boiling lasagna,Western
604, 소고기다진것 양송이버섯 버섯크림소스 라자냐,Western
605, chicken breast cabbage cucumber tomato soy sauce maeshil cheong  green plum extract  finely diced umeboshi  Japanese salt preserved plum  esame seed  sesame oil  minced garlic  pepper finely diced umeboshi  Japanese salt preserved plum  maeshil cheong  green plum extract  soy sauce canola oil cooking wine vinegar salt,Western
606, canned sweet corn spicy pepper cheese hot sauce mayonnaise onion,Western
607, 감자 양파 계란 노랑 파프리카 빨강 파프리카 베이컨 할라피뇨 마요네즈 소금 후추 파슬리가루,Western
608, Nutella peanut butter chocolate syrup M M milk heavy cream ice cubes,Western
609, 게맛살 양파 마요네즈 소금 머스터드 후추 버터 핫도그빵,Western
610, crab sticks onion mayonnaise salt honey mustard pepper butter hotdog bun,Western
611, sliced sandwich bread butter egg corn  canned  sliced cheddar cheese  Kiwi sauce  kiwi lemon juice  or vinegar  olive oil mayonnaise honey salt,Western
612, 식빵 슬라이스햄 체다치즈 달걀 머스타드 마요네즈 버터,Western
613, sandwich bread sliced ham cheddar cheese eggs honey mustard mayonnaise butter,Western
614, 식빵 사과 설탕 계피가루 계란노른자,Western
615, sweet potato  large  plain yogurt sliced almond castella  sponge cake  honey,Western
616, 새우 햇반 우유 크림소스 체다치즈 청양고추 애기송이버섯 양파,Western
617, chicken breast onion carrot bell pepper chili pepper flour pepper herb salt chili sauce,Western
618, chicken breast tomato kiwi leafy greens almond plain yogurt  Optional  green onion leaf honey  or maple syrup ,Western
619, 카스테라 바나나우유 바나나맛 제티 생크림 크림치즈 바나나,Western
620,   Inch tortilla garlic cloves onion bacons tomato sauce rice sliced cheese sugar ketchup  salt pepper,Western
621, 감자 베이컨 다진마늘 파슬리 후추,Western
622, 강력분 오징어먹물 드라이이스트 양파 피자소스 피자치즈 어린새싹 방울토마토 소고기등심 스테이크소스,Western
623, hotdog bun sausage seasoned green onion lettuce leaves  Sauce  mayonnaise tomato ketchup,Western
624, fresh chicken green onion Tteokbokki rice cake sticks soy sauce olive oil cooking wine  or mirin  lemon juice  or vinegar  herb  parsely  basil  rosemary  thyme  salt pepper,Western
625, chocolate flavored milkshake powder egg milk flour,Western
626, potato bacons pepper egg,Western
627, bacons green  and red bell peppers asparaguses pepper,Western
628, Pork sirloin soy sauce Maes Maesil chung  Korean green plum syrup  sesame oil flour eggs bread crumbs onion vegetable blend for salad,Western
629, 돼지등심 간장 매실청 올리고당 참기름 밀가루 계란 빵가루 양파 샐러드야채,Western
630, potatos bell pepper onion salt pepper egg yolk milk tomato sauce pizza cheese,Western
631, 감자 피망 양파 소금 후추 노른자 우유 토마토소스 모짜렐라치즈,Western
632, bagel egg milk sliced cheese cherry tomatoes spinach yogurt nuts  Sauce  minced garlic salt pepper  Garlic oil  minced garlic honey olive oil,Western
633, bacons pancake mix water eggs baked beans button mushroom,Western
634, 베이컨 핫케이크가루 물 계란 베이크드빈즈 양송이버섯,Western
635, sandwich bread cheddar cheese whole garlics cream cheese butter milk,Western
636, 쇠고기 밀가루 후춧가루 버터 식용유 감자 당근 양파 소금 토마토소스,Western
637, 오이 양배추 피클링스파이스 물 식초 설탕,Western
638, onion king trumpet mushroom butter soaked rice chicken stock fresh cream milk minced garlic salt pepper parsley,Western
639, 양파 새송이버섯 버터 불린쌀 닭육수 생크림 우유 다진마늘 소금 후추 파슬리,Western
640, beef flour pepper butter cooking oil potato carrot onion salt tomato sauce,Western
641, 스파게티면 베이컨 새우젓 양송이버섯 소금 다진마늘 대파 올리브유,Western
642, eggs instant noodles  ramen  spam  small can  cherry tomatoes salt pepper seasoning powder,Western
643, 새우중하 새송이버섯 밥 토마토소스 마늘종 모짜렐라치즈 다진마늘 후춧가루,Western
644, Oreo cookies sponge cake heavy cream,Western
645, medium sized shrimps king trumpet mushroom rice tomato sauce garlic stalk shred pizza cheese minced garlic pepper,Western
646, chicken pollack roe  large  butter large green onion mayonnaise garlic cloves pepper salt,Western
647, 팽이버섯 느타리버섯 양송이버섯 모짜렐라치즈 슬라잉스체다치즈 호밀빵 발사믹식초 매실청 양파 후추가루,Western
648, 오레오 카스테라 생크림,Western
649, 닭 명란 큰 것  버터 대파 마요네즈 통마늘 후추 소금,Western
650, barbecue ribs granulated garlics whole peppers cooking wine mozzarella cheese,Western
651, 등갈비 통마늘 통후추,Western
652, 다이제 계란 딸기 블루베리 요거트 크림치즈 슈가파우더,Western
653, 바게트빵 베이컨 짧은것  계란 오이 슬라이스  청상추 양파 작은 것  슬라이스치즈 버터 케첩 마요네즈 칠리소스 우유,Western
654, 바나나 딸기 블루베리 씨리얼 요거트 아몬드,Western
655, baguette bacon  short  eggs cucumber  sliced  green lettuce onion  small  sliced cheese butter ketchup mayonnaise chili sauce milk,Western
656, 크림치즈 방울토마토 부추 마요네즈 꿀 식초 또는 레몬즙  소금 후추,Western
657, 다진소고기 생토마토 감자 시판토마토소스 양파 케첩 설탕 버터 우유 소금 후추,Western
658, 닭다리 데리야끼소스 다진마늘 올리고당 마요네즈 발사믹 올리고당 슬라이스 마늘,Western
659, minced beef tomato potato store bought tomato sauce onion ketchup  sugar butter milk salt pepper,Western
660, 방울토마토 생모짜렐라치즈 발사믹식초 샐러드야채 파슬리,Western
661, 새우 중하  바지락 양파 페페로치노 이탈리안매운고추  통조림 홀토마토,Western
662, sandwich bread sausage sliced cheese scallion egg milk salt pepper,Western
663, 밀가루 우유 달걀 녹인버터 베이컨 양송이버섯 달걀 모짜렐라,Western
664, 식빵 치즈 계란 햄 우유 머스타드 소스 빵가루 버터 블루베리쨈,Western
665, fried dumpling spinach cream cheese Parmesan cheese powder milk olive oil minced garlic milk dried mushroom,Western
666, 마카로니 체다치즈 후추 밀가루 버터 우유 모짜렐라치즈 양파플레이크,Western
667, 식빵 베이크드빈스 베이컨 소세지 달걀 양송이버섯 토마토,Western
668, 베이컨 스파게티면 마늘 양파 토마토소스,Western
669, red bell pepper grapefruit honey strawberry banan,Western
670, 빨강파프리카 자몽 꿀 딸기 바나나,Western
671, sliced bacon spaghetti noodle garlic onion tomato sauce,Western
672, 화이트초콜릿 다크초콜릿 마시멜로,Western
673, 소면 방울토마토 양파 양상추 깻잎 칵테일 새우 아몬드 간장 오일 다진 마늘 올리고당 설탕 식초,Western
674, 식빵 햄슬라이스 체다치즈 버터 계란 머스터드 마요네즈 슈가파우더,Western
675, 식빵 감자 오이 옥수수콘 통조림  양파 파프리카 홍색  마요네즈 식초 후추 설탕,Western
676, Fried hardtack milk Sprite,Western
677, sliced sandwich bread potato cucumber corn  canned  onion red bell pepper mayonnaise vinegar chili pepper sugar,Western
678,,Western
679,   Inch tortilla minced garlic condensed milk butter olive oil honey sugar parsley salt pepper,Western
680, 푸실리면 통식빵 베이컨 양파 크림소스,Western
681, 닭다리살 샐러리대 통마늘 파슬리 화이트와인 버터 방울토마토 밀가루 올리브오일,Western
682, drumstick celery stalk garlic cloves parsley white wine butter cherry tomatoes flour olive oil,Western
683, fusilli loaf bread sliced bacon onion cream sauce,Western
684, tomato eggs salt pepper basil water spicy peppers chopped scallion spicy pepper powder tomato paste  bacon slices onion,Western
685, 스파게티면 차돌박이 샐러드채소  소스  쯔유 간장 레몬즙 설탕 오리엔탈소스 물,Western
686, apple juice gelatin sheets strawberries blueberries mint,Western
687, spaghetti noodles beef brisket  point cut second cut  salad mix  sauce  Tsuyu soy sauce lemon juice sugar oriental sauce water,Western
688, 할라피뇨 페투치니 바지락 후추 소금,Western
689, 사과주스 젤라틴 딸기 블루베리 민트,Western
690, 토마토 계란 소금 후추 바질가루 물,Western
691, 생 모짜렐라 치즈 밀가루 계란 빵가루,Western
692, mozzarella cheese flour eggs bread crumb,Western
693, 닭봉 잎채소 방울토마토 우유  닭봉소스  진간장 올리고당 미림 다진마늘 후춧가루  샐러드소스  마요네즈 식초 올리브유 발사믹식초 머스터드소스 설탕 다진마늘 파마산치즈가루,Western
694, spaghetti noodles eggs parmesan cheese poweder bacon salt olive oil,Western
695, 스파게티면 계란 파마산치즈 베이컨 소금 올리브오일,Western
696, 소고기 돼지고기 빵가루  종이컵 기준  토마토 마늘 토마토 소스  종이컵 기준  파슬리 파스타면 플레인 요거트,Western
697, 박력분 베이킹파우더 버터 설탕 계란 실온보관  우유 블루베리,Western
698, 파스타면 통마늘 다진소고기 토마토 토마토페이스트,Western
699, pasta noodles granulated garlics minced beef tomato tomato paste,Western
700, 사라다빵 감자큰거 양파 달걀 오이 당근 피클다진거 케찹 햄 마요네즈 설탕 후추,Western
701, sliced sandwich bread Nutella peanut butter banana butter,Western
702,  갈릭치즈피자 다진마늘 꿀 슈레드모짜렐라치즈 또띠아 슬라이스치즈  콘샐러드 옥수수통조림 양파 파프리카 설탕 식초 마요네즈 소금 후추,Western
703, 식빵 누텔라 땅콩버터 바나나 버터,Western
704, 강력분 물 버터 설탕 이스트 소금 계란 다크초콜릿 생크림,Western
705, 닭안심 토마토 쪽파 양파 간장 미림 다진마늘,Western
706, 식빵 꿀 다진마늘 버터 설탕 생크림,Western
707, canned fruit cocktails or pineapple oragne lemons Sprite,Western
708, 동그랑땡 토마토소스 바게트빵 체다치즈,Western
709, 식빵 달걀 채썬 양배추 채썬 당근 햄 치즈 버터 흑설탕 케찹,Western
710, instant meatballs tomato sauce baguette sliced cheddar cheese,Western
711, 감자 체다치즈 베이컨 버터,Western
712, potato sliced cheddar cheese sliced bacon butter,Western
713, 목전지살 돼지고기  양파 주키니호박 새송이 가지 깻잎 콘길리에 파스타면  우유 휘핑크림 고추장 다진마늘 굴소스 참기름 설탕 꿀,Western
714, 돼지고기 콜라 간장,Western
715, chocolate muffin chocolate cubes  chunks ,Western
716, 초코머핀 ABC초콜렛,Western
717, 박력분 계란 플레인요거트 녹인버터 설탕 소금 베이킹파우더 화이트초콜릿 슈가파우더 캐슈넛 건크렌베리 아몬드,Western
718, weak flour eggs plain yogurt melted butter sugar salt baking powder white chocolate sugar powder cashew nut dried cranberries almond,Western
719, chicken breast rice sesame oil garlic salt green bean sprouts olive oil green grapes chopped scallions,Western
720, lemon shrimps vegetable mix for salad green grapes,Western
721, 화이트초콜릿 버터 나무꼬치 데코용 스프링클 카스타드빵,Western
722, 닭가슴살 밥 참기름 갈릭솔트 숙주 올리브유 청포도 송송썬파,Western
723, 라자냐면 토마토소스 새송이 버섯 통모자렐라 모짜렐라,Western
724, white chocolate butter wood skewer sticks sprinkles or sugar strands custard cream cake,Western
725, 호밀빵 토마토소스 모짜렐라 베이컨 양파 쪽파,Western
726, 레몬 새우 모듬채소 청포도,Western
727, 파프리카 부추 팽이버섯 식초 올리브유 꿀 소금,Western
728, 불닭볶음면 베이컨 우유 슬라이스 치즈,Western
729, 파스타면 새싹 문어 방울토마토 올리으뷰 소금,Western
730, 손질주꾸미 오렌지 토마토 샐러드모듬채소 후추,Western
731, cleaned and prepared webfoot octopus orange tomato salad vegetables pepper orange for orange extract olive oil  salt sugar vinegar dried basil  pepper,Western
732, pasta noodles sprout blend octopus cherry tomatoes olive oil and salt Gochujang  Korean red pepper paste  soy sauce cooking wine sugar,Western
733, 방울토마토 마늘쫑 크림치즈 발사믹식초 올리브오일,Western
734, 밀가루 달걀 우유 버터 생크림 딸기,Western
735, 오렌지 설탕 레몬 꿀 물 소금 베이킹소다,Western
736, 오레오 우유 아이스크림,Western
737, 아이비과자 사과 누뗄라 바나나 아몬드슬라이스 슬라이스치즈,Western
738, 리코타치즈 믹스채소 식빵 파인애플 자몽 방울토마토  드레싱 레몬즙 설탕 간장 참기름  리코타치즈 우유 생크림 식초 소금,Western
739, 후랑크소세지 라이스페이퍼 스트링치즈,Western
740, 아이스크림 뜨거운물,Western
741,,Western
742, 고르곤졸라 치즈 양상추 사과 어린잎채소 견과류 건크랜베리 올리브유 레몬즙 흑설탕 후추가루 바질가루 소금,Western
743, 사골국물 크림스프 캔옥수수,Western
744, 브레드  식빵  베이글 모두 OK   마시멜로 초코시럽  누텔라  견과류 건크랜베리 메이플시럽,Western
745, 미니파프리카 치즈 베이컨 스위트콘 칠리소스 파마산치즈가루 파슬리가루,Western
746, 핫케이크가루 우유 계란 소세지 양상추 체다슬라이스치즈 양파 머스타드소스 케찹,Western
747, 또띠아 토마토소스 양파 모짜렐라치즈 베이컨 파인애플,Western
748, 다크초콜릿 아몬드 설탕 버터 물,Western
749, 등갈비 석류 양파 마늘 통후추 월계수잎  소스 레몬즙 꿀 바비큐소스 케첩 스테이크소스 설탕 소금 바질 후추,Western
750, 고구마 치즈,Western
751, 새우 토마토페이스트 소금 후추 맛술 다진마늘 버터 레몬 물 코리엔더 잎,Western
752, 아스파라거스 튀김가루 달걀 빵가루 식용유,Western
753, 아보카도 베이컨 계란 올리브 양파 토마토 샐러드용 채소 오리엔탈소스,Western
754, 목살 크림소스 양파 양송이 마늘 체다치즈,Western
755, 스파게티 베이컨 파마산 치즈 후추 소금 달걀,Western
756, 오레오쿠키 화이트커버처초콜릿 다크커버초콜릿 씨리얼 딸기,Western
757, 고르곤졸라 치즈 양송이버섯 만두피 호두 버터 후추가루 바질가루 꿀,Western
758, 딸기 핫케익가루 우유 계란 코코아가루 초코시럽 생크림 설탕 분당,Western
759, 다크초콜릿 프레첼 후추가루,Western
760, 화이트초콜릿 냉동건조과일 건과일,Western
761, 잎채소 계란 방울토마토 오이 홍파프리카 파마산치즈가루 마요네즈 스위트콘 소금 후춧가루 검은깨,Western
762, 감자 소금 파마산치즈가루 파슬리가루,Western
763, 고르곤졸라 치즈 양파 양송이버섯 생크림 파슬리가루,Western
764, 미국산 베이컨 마늘 슬라이스 엔쵸비 마늘쫑 크러쉬드 레드페퍼 가쓰오부시 소금 후추 스파게티 물 엑스트라 버진 올리브오일,Western
765, 훈제닭가슴살 파프리카 색깔별로 양상추크게 어린잎채소 샐러리 식빵 다진양파 레몬식초 간장 올리브오일 들깨가루 참기름 올리고당 달걀노른자,Western
766, 초콜릿 커피우유 설탕 냉동블루베리 달걀 슈가파우더,Western
767, 요거트 귤 바나나 딸기 사과 견과류 건크랜베리 냉동블루베리,Western
768,,Western
769, 파스타면 방울토마토 양파 닭가슴살 베이컨 우유 케첩 핫소스 고춧가루 바질 소금 후추 맛술 레몬즙,Western
770, 돼지고기베이컨 시금치 방울토마토 소금 식초 꿀 올리브유 플레인요거트 토마토케첩 다진양파,Western
771, 우스터소스 돼지고기 통마늘 피망 양파 소금 후추 식용유,Western
772, 쌀가루 달걀 올리브오일 설탕 우유 레몬 녹차가루 코코아가루 베이킹파우더 소금,Western
773, 나쵸 양파 베이컨 옥수수콘 스파게티소스 달걀 모짜렐라치즈,Western
774, 돼지삼겹살 스파게티면 대파 마늘 통후추  조림장  물 맛간장 굴소스 생강 땡초 후춧가루 물엿 계란 숙주,Western
775, 브로콜리 시금치 우유 생크림 파마산치즈가루 소금 후추 식빵,Western
776, 식빵 체다 슬라이스치즈 잎채소 미니단호박 건포도 마요네즈 후춧가루 소금 양파 견과류  호두  아몬드슬라이스 ,Western
777, 박력분 우유 계란 버터 설탕 소금 생크림  혹은 휘핑한 생크림  딸기 바나나 메이플시럽 견과류 초콜릿칩 혹은 초콜릿 ,Western
778, 브로컬리 생크림 우류 소금후추 파슬리 버터,Western
779, 팬케익믹스 버터 슈거파우더 소금 달걀 레몬,Western
780, pancake mix butter sugar powder salt egg lemon,Western
781, 팬케익믹스 우유 달걀 버터 플레인요거트 냉동망고 설탕 건망고 럼주,Western
782, 밤 캐슈넛 해바라기씨 모짜렐라치즈 달걀 밀가루 빵가루 식용유,Western
783, 딸기 플레인요거트 우유 꿀 아이스크림 견과류 생크림,Western
784, 가자미살 감자 달걀흰자 전분가루 맥주 소금 후추,Western
785, 자반김 파스타면 통마늘 올리브오일 맛소금,Western
786, 파스타면 절단꽃게 손질새우 바지락살 양송이 버섯 양파 무가당휘핑크림 모짜렐라치즈 후추 화이트와인 다진마늘 물 올리브유 소금,Western
787,,Western
788, 파스타 백김치 백김치국물 양지머리 청양고추 파뿌리 물 통후추 달걀 소금 다시다,Western
789, 핫케익믹스 녹인버터 베이킹파우더 우유 달걀 단감 시나몬파우더 컵케익시트,Western
790, 파스타면 닭다리살 토마토소스 고추장 고춧가루 다진마늘 청양고추 대파 양파 깻잎 참기름,Western
791, 감자 꽈리고추 마늘  개  소금 약간   설탕 조금   후츄 초큼 다시마 멸치 육수 사워크림 갈릭 솔트 올리브 오일 파슬리 체다치즈 파마산치즈 중 택  ,Western
792, 바나나 파프리카 당근 상추 생강 꿀 레몬즙 엑스트라버진 올리브오일 소금 후춧가루,Western
793, 식빵 달걀 아무종류 잼,Western
794, 아보카도 계란,Western
795,,Western
796, 박력분 코코아파우더 슈가파우더 소금 달걀 차가운버터 다크초콜릿 생크림 버터 꿀,Western
797, 핫도그빵 양배추 당근 오이 소시지 치즈 마요네즈 케첩,Western
798, 식빵 햄 치즈 밀가루 버터 우유 모차렐라치즈,Western
799, 딸기 설탕 레몬즙,Western
800, 해물 물 밥 모짜렐라치즈 다진 마늘 페페로치니 화이트와인 소금 후춧가루,Western
801, 페투치니 파스타면 새우 손질꽃게 바지락 대파 다진마늘 토마토소스 물 청양고추 양송이버섯 올리브유,Western
802, 연어 파프리카 대파 통마늘 마니당근 빵가루 올리브유 크림소스 머스타드 다진마늘 후추,Western
803, 스파게티 양파 청양고추 마늘 베이컨 표고버섯 우유 굴소스 후추,Western
804, 또띠아    치즈 토마토 청양고추 다진마늘 올리브유 소금 후추,Western
805, 초콜릿 바나나 우유 계란 버터 설탕 아몬드,Western
806,,Western
807, 시판알군밤 또띠아  인치 모짜렐라치즈 양파 크림소스 올리브유 꿀,Western
808, 초콜릿잼 설탕 버터 과자 계란,Western
809, 달걀흰자 설탕 딸기 블루베리,Western
810, 달걀 녹말가루 소금 우유 식용유 슬라이스햄 슬라이스치즈 오이 마요네즈 오레가노,Western
811, 카스테라 생크림 초콜릿잼 딸기,Western
812, 당근 박력분 달걀 흑설탕 올리브오일 계핏가루 베이킹파우더 크림치즈 설탕 플레인요거트 초코볼 오레오,Western
813, 계란 올리브믹스 양파 방울토마토 버터 체다치즈,Western
814, 시금치 마늘 올리브유 소금 후추 파마산 치즈가루 새우 방울토마토 페투치네면,Western
815, 다이제 생크림 딸기,Western
816, 감자 베이컨 치즈 대파 스테이크소스,Western
817, 스파게티 베이컨 마늘 장아찌 양파 후추 소금 올리브 오일,Western
818, 페투치니 마늘 카레 가루 바지락 육수 후추 새우 태국 고추,Western
819, 햄 꼬마당근 방울양배추 양송이버섯 방울토마토 통마늘 대파 식용유 바비큐소금,Western
820, 등심 방울양배추 방울토마토 꼬마당근 양송이 청양고추 하이라이스 토마토소스 올리브유 후추 소금,Western
821, 양파 양배추 파프리카 파스타면 양상추 파슬리 자몽주스 올리브유 레몬즙 꿀 소금 후춧가루,Western
822, 올리브유 생 모차렐라치즈 가래떡 방울토마토 양파 돼지비계 발사빅식초 양조간장,Western
823, 소고기 감자 양파 당근 양송이 토마토홀 방울토마토 바질가루 레드와인 버터,Western
824, 돼지갈비양념 생크림 양파 베이컨 느타리버섯 스파게티면 소금 후추 올리브오일,Western
825, 핫케이크 달걀 우유 베이컨 소시지 치즈 양파 머스타드,Western
826, 갈릭크림소스 닭안심 감자 양파 당근 양송이 물 버터 소금 후추,Western
827, 로제소스 불린쌀 오징어 홍합 양송이 양파 파프리카 물 올리브오일 후추 소금,Western
828, 쌀 양파 청피망 홍피망 토마토소스 카레가루 다시다요리수치킨스톡 닭가슴살 오징어 새우,Western
829, 렌틸콩 알새우 오징어 양파 샐러리 당근 방울 토마토 토마토 소스 후추,Western
830, 딸기 샐러드 아보카도 생 모짜렐라 플레인 요거트 메이플 시럽 레몬즙 후추,Western
831, 갈은 소고기 양파 당근 다진마늘 토마토 소스 스파게티,Western
832, 마카로니 캔옥수수 베이컨 체다치즈 모차렐라치즈 우유 마요네즈 버터,Western
833, 버터 소금 갈색설탕 중력분 계란 민트초코아이스크림 요거트 초코시럽 한줌견과 계피설탕 튀김기름,Western
834, 다크초콜릿 초콜릿우유 생크림 달걀 황설탕 누텔라 크렌베리잼,Western
835, 고구마 꿀 소금 기름,Western
836, 닭 허브솔트 올리브유 양파 고추 통마늘,Western
837, 호떡믹스 다진쇠고기 토마토소스 피자치즈 물,Western
838, 포도주스 와인 사과 라임 자몽 계피스틱 베이킹소다,Western
839, 소시지 토마토페이스트 양파 마늘 기름 스파게티면 소금 양송이버섯,Western
840, 초코머핀 귤  혹은 다른 과일  휘핑된 생크림 식용색소 m m 분당,Western
841, 커리난믹스 시금치 요거트 베이컨 토마토 양파 블랙올리브 유자청 소금 올리브유,Western
842,,Western
843, 다이제 버터 달걀 우유 슬라이스치즈,Western
844, 키조개관자 올리브오일 소금 후춧가루 화이트 와인 돌나물 상추 발사믹소스,Western
845, 식빵 치즈,Western
846, 시금치 표고버섯 또띠아 토마토소스 버터 피자치즈 소금 후추,Western
847, 달걀 감자 스팸 코울슬로 소스 파슬리,Western
848, 닭다리 청주 후추 소금 튀김가루 허니버터향과자 식용유 튀김가루 빵가루 카레가루 바질가루 달걀 물,Western
849, 방울토마토 블랙올리브 스파게티면 마늘 소금 설탕 올리브오일,Western
850, 감자 당근 애호박 양파 버섯 토마토소스,Western
851, 우유 레몬 어린잎 발사믹 올리브오일,Western
852, 칵테일새우 베이컨 양파 청양고추 올리브유 우유 달걀 빵가루,Western
853, 귤 설탕,Western
854, 핫케익믹스 계란 우유 메이플시럽 누텔라 자몽 연유,Western
855, 식빵 버터 다진마늘 파슬리 설탕,Western
856, 모닝빵 양상추 치커리 슬라이스 치즈 포도씨유 마요네즈 돈가스 소스 소고기 양파 당근 새송이버섯 간장 설탕 다진마늘 참기름 맛술 후춧가루,Western
857, 스트링치즈 식빵 계란 빵가루 파슬리 가루 없어도 무방 ,Western
858, 제티 우유 달걀 밀가루,Western
859, 브리치즈 견과류 꿀,Western
860, 연어캔 양파 새송이버섯 파프리카,Western
861, chicken nuggets sweet corns onion  small  king oyster mushrooms broccoli parsley powder oil salt pepper tomato sauce pizza cheese,Western
862, 치킨텐더 스위트콘 양파 새송이버섯 브로콜리 파슬리 오일 소금 후추 토마토소스 모짜렐라치즈,Western
863, flour bread crumb eggs fish cake,Western
864, sweet pumpkin onion milk cooking oil,Western
865, 닭가슴살 양상추 피망 파프리카 바비큐솔트 올리브유 라즈베리 요거트 석류주스 레몬즙 레몬제스트 소금 올리고당,Western
866, 핫케익믹스 우유 달걀 딸기 버터 메이플시럽 슈거파우더,Western
867, 스파게티면두께로  센치두께가 일인분이에요   안심 양파 올리브오일 마늘 파마산치즈가루 토마토소스 전 루를 만들어써서 우유한컵에 밀가루한큰술 버터한큰술을 넣었어요 우유 소금 오레가노,Western
868, 스파게티면 바지락 우유 체다치즈 마늘 땡초 양파,Western
869, 등갈비  등갈비 밑간  간장 후추 올리브유  버터소스  버터 레몬즙 핫소스  샐러드  고추 김밥용햄 양파 오이 다진 것 혹은 오이장아찌  스위트콘 강낭콩 부추 마늘 등갈비양념 케첩 후추,Western
870,,Western
871, 양파 소세지 당근 송이버섯 피망 계란 토마토 식빵  에그인헬 올려 먹는 빵  닭육수  치킨스톡 가능  살사소스  없어도 됨  토마토 페이스트 바질 허브 후추 파마산 치즈,Western
872, 달걀 베이컨 양파 시금치 방울토마토 양송이 버터 우유 소금 후추 바질가루,Western
873, 다진소고기 미니머핀 방울토마토 상추 베이컨 양파 마요네즈 칠리소스 슬라이스치즈,Western
874, 다진소고기 양파 달걀 소금 후추 바질가루 양송이버섯 방울토마토 어린콩 올리브유 통모짜렐라 스테이크소스 양송이버섯,Western
875, 다진소고기 갈은돼지고기 빵가루 계란 양파 다진마늘 맛술 넛맥가루 소금 후추 식용유 스테이크소스 케찹 어린잎채소 발사믹드레싱,Western
876, 식빵 슬라이스 치즈,Western
877, 감자 또띠아 우유 버터 시금치 양파 모짜렐라치즈 체다치즈 소금 후추,Western
878, 밀가루 바나나 피칸 버터 달걀 물엿 설탕 소금,Western
879, minced pork minced beef minced garlic milk salt pepper onion tomato cheese hamburger buns,Western
880, 돼지고기 소고기 다진마늘 우유 소금 후추 양파 토마토 치즈,Western
881, 닭다리 양파 레몬 데리야끼소스 물 식용유 바질가루 후추 소금,Western
882, 옥수수 마카로니 우유 체다치즈,Western
883, instant french fries cheese parsley powder bacons,Western
884,,Western
885, 바나나 박력분 버터 설탕 베이킹파우더 달걀,Western
886, 딸기빼빼로 카스테라 커피믹스 마카롱,Western
887, 계란 오이 빵  소스 마요네즈 홀머스타드 후추,Western
888, 베이컨 식용유 계란 양파 옥수수콘 치즈,Western
889, 라면 올리브유 페페론치노 다진마늘 월계수잎 소금,Western
890, 식빵 모짜렐라치즈 버터 다진마늘 견과류 식용유,Western
891, 새우 백합조개 관자 건포도 찬밥 소주 양파 푸른잎채소 카레가루 올리브유 물,Western
892, 카스텔라 믹스커피 크림치즈 휘핑크림 코코아가루,Western
893, 바나나 빨간자두 플레인요거트 저지방우유 올리고당,Western
894, 꽃등심 통마늘 아스파라거스 올리브유 레드와인 맛술 바비큐 솔트,Western
895, 식빵 햄슬라이스 양배추 계란 딸기잼 케첩 체다치즈 소금 후추,Western
896, 무염버터 설탕 소금 달걀 바닐라오일 박력분 통밀가루 코코아가루 베이킹파우더 아이스바 m m초콜릿,Western
897, 식빵 슬라이스 치즈 스트링 치즈 모짜렐라 치즈 크림치즈 바나나 버터 꿀 발사믹 소스,Western
898, Soju  Korean liquor  orange juice tangerines mint leaves,Western
899, 토마토주스 사이다 얼음컵,Western
900, 참치 옥수수 양파 마요네즈 크래커 과자 치즈,Western
901, 찹쌀가루 소금 설탕 뜨거운물 양갱 석류주스,Western
902, 식빵 샐러드야채 모짜렐라치즈 토마토 양파 발사믹드레싱 마요네즈,Western
903, GS 위대한 버거 양상추 토마토 양파 치즈 계란 우유 감자 버터,Western
904, 소시지 핫도그빵 양파 칠리소스 식용유 머스타드소스,Western
905, 화이트 쉘 초콜릿 가나슈 화이트 코팅 초콜릿 웰튼 스카이 블루 색소   cm 스틱 빼빼로 화이트 초코펜 다크 초코펜,Western
906, 참치통조림 삶은 달걀 전분가루 밀가루 소금 후춧가루 달걀 빵가루,Western
907, 식빵 요거트 키위 설탕 견과류,Western
908, 사과 플레인요거트 방울토마토,Western
909, 바닐라아이스크림 바나나 오렌지주스 설탕,Western
910, 크로와상 크림치즈 딸기잼 견과류,Western
911, 채끝등심 양송이버섯 토마토 양파 호박 가지 버터 소금 후추 로즈마리,Western
912, 크래커 칵테일새우 토마토소스 올리브유 화이트와인 모짜렐라치즈 바질파우더 후추 마요네즈 민트잎,Western
913, 사과 사이다 하리보젤리  온색   빨강  투명  노랑 등  설탕,Western
914, 다크초콜릿 화이트초콜릿 생크림 와인 건푸룬,Western
915, 식빵 버터 다진마늘 설탕  치즈소스  체다치즈 우유 파슬리가루,Western
916, 오렌지 새우 샐러드 채소 호두 올리브오일 발사믹식초 레몬즙 꿀,Western
917, 토마토 식빵 모짜렐라치즈 케첩 파슬리가루,Western
918, 소세지 식빵 우유 물 튀김가루 빵가루 식용유,Western
919, 파프리카 양파 꽈리고추 대체 아스파라거스or껍질콩  표고버섯 올리브오일 소금 후추 케찹 A 소스 스테이크소스 우스터소스 꿀 타바스코소스 버터 소등심,Western
920, 딸기잼 플레인요거트 시리얼,Western
921, 핫도그 피자치즈  라면토핑치즈  양파 청피망 케찹,Western
922, 에스프레소  기호에 따른 커피  아이스크림,Western
923, 햄버거빵 햄버거 패티 오이 당근 양배추 치즈 계란 우유 수프 가루 물 불고기 소스 또는 돈가스 소스 케첩 마요네즈 버터 또는 식용유,Western
924, 밀가루 박력분 유자청 오렌지껍질 달걀 베이킹파우더 식용유 슈가파우더,Western
925, 또띠아 양상추 방울토마토 사과 모짜렐라치즈 베이비채소 간장 레몬즙 올리브오일 설탕 아빠숟갈 기준  꿀 다진마늘,Western
926, 냉동블루베리 플레인요거트 흰우유,Western
927, 팝콘 마쉬멜로우 버터 엠엔엠 쵸콜릿 쵸코볼 스프링클,Western
928, 깜빠뉴빵 다크초콜릿 견과류 닭가슴살 사과 슬라이스치즈 옥수수콘 감자 버섯 토마토 바나나,Western
929, 소고기 등심 양파 청피망 홍피망 브로콜리  소스 케찹 물엿 설탕 허니머스타드 후추 소주,Western
930,,Western
931, 딸기 꿀 우유 팔기파우더,Western
932, 라면사리 닭가슴살 오이 양배추 붉은 고추 올리브유 우유 소금 후춧가루 고춧가루 다진 마늘 간장 레몬즙 설탕 참기름 깨소금,Western
933, 복숭아 레몬 탄산수 생수 젤라틴 설탕 굵은 소금 뜨거운 물,Western
934, 현미밥 계란 양파 새송이버섯 잎채소 오이 당근 후추 소금,Western
935, 잉글리시머핀 계란 치즈 베이컨 허니머스타드소스 버터,Western
936, 생크림 요거트 사과 오렌지 키위 파인애플 레몬즙 애플민트 잎,Western
937, 생굴 불린미역 우유  버터   g 밀가루 소금  후추,Western
938, 다크 커버쳐 쵸콜릿 버터 달걀 노른자 설탕 박력분 코코아 파우더 누텔라 슈가 파우더,Western
939, 페이스트리 요거트   사워크림 양송이버섯 양파 맛술 허브솔트,Western
940, 알밤 대추 캐슈넛 화이트초콜릿 다크초콜릿 밀크캬라멜 물엿 데코레이션 견과류 땅콩분태  아몬드 슬라이스 등 ,Western
941, 베이컨 로즈마리 메이플시럽 흑설탕 넛맥 후추,Western
942, 식빵 딸기 크림치즈 연유,Western
943, 파스타면 캔 골뱅이 작은 것 마늘 양파 페페론치노 바질 가루 후춧가루 올리브유 소금,Western
944, 계란 식빵 소세지 버터 소금 허브믹스 올리브유,Western
945, 감자 체다 슬라이스 치즈 우유 올리브오일 다진 마늘 소금 후춧가루 파슬리가루,Western
946, 핫케이크가루 계란 우유 마스카포네치즈 슈가파우더 생크림 냉동 딸기 냉동 라즈베리 냉동 블루베리 레몬 설탕 꿀 로즈마리 잎,Western
947, 우유 화이트초콜릿 시나몬파우더 or 코코아파우더,Western
948, 식빵 계란 양상추 베이컨 토마토 체다 치즈 홀그레인 머스타드 마요네즈 돈가스소스 또는 케첩,Western
949, 화이트초콜릿 컨크렌베리 쿠키,Western
950,,Western
951,,Western
952, 달걀 우유 소금 후추 식빵 머스터드 햄 치즈 버터 라즈베리 잼 파우더 슈가,Western
953, 바닐라 빈 달걀 노른자 설탕 소금 생크림 고운 설탕,Western
954, 식빵 잎채소 햄 치즈 버터  고구마필링  고구마무스 아몬드 슬라이스 건포도 허니머스타드소스 마요네즈,Western
955, 버터 슈가파우더 계란,Western
956, 버터 빵 치즈,Western
957, 소고기다짐육 빵가루 계란 양파 우유 소금 후추 슬라이스치즈 하이라이스 물 우유 케첩 설탕 오리엔탈스테이크소스 물 물엿 소금 후추 계란,Western
958, 소고기등심 파프리카색깔별로 새송이버섯 아스파라거스 양파 소금 후추 올리브오일 로즈마리,Western
959, 다진 소고기 갈은 돼지고기 빵가루 계란 양파 작은것 다진마늘 맛술 넛맥가루 소금 후추 식용유 시판 돈까스 혹은 스테이크 소스 케찹 어린잎 채소 발사믹드레싱,Western
960, 다크초콜릿 연유 버터 건크랜베리 화이트초콜릿 다이제 쿠키 미니 마쉬멜로우,Western
961, 스펀지케이크 잼 혹은 스프레드 초콜릿,Western
962, 또띠아   인치  방울토마토 토마토소스 바질페스토 모짜렐라 치즈 모짜렐라 생치즈 바질 잎 드라이바질 종이호일,Western
963, 감자 당근 소금 후추 오이 베이컨 양파 마요네즈 삶은 계란,Western
964, 감자 밀가루 계란 소금 가염버터 세이지 혹은 깻잎 파마산치즈,Western
965, 감자 달걀 버터 더블크림 그뤼에르치즈 마늘 소금 후추,Western
966, 스파게티면 마늘 버터 토마토페이스트 토마토케찹 소금 후추 소세지 피망 양파 양송이버섯 머스타드 파슬리가루 파마산치즈,Western
967,  타르트지  비스킷 버터 설탕 계란흰자른자  에그필링  계란노른자 우유 슈가파우더 설탕,Western
968, 찬밥 우유 다진김치 소고기 양파 새송이버섯 슬라이스치즈 파마산치즈 소금 후추,Western
969,  돈가스튀김 돼지고기 등심 밀가루 빵가루 계란 소금 후추 식용유  소스 물 버터 밀가루 우스터소스 케첩 설탕 다진마늘 양파 월계수잎,Western
970, 올리브 오일 식초 머스터드 소금 후추 참치통조림 오이 양파 지름   cm 빵 샐러드 잎 달걀 올리브 타파나드,Western
971, 바게트 레몬 홀스레디쉬 올리브오일 훈제 연어 무순,Western
972, 감자 무염버터 우유 소금 립아이 스테이크 버터 소금 후추 다진 양파 밀가루 소육수,Western
973, 계란 방울토마토 파프리카 양파 당근 우유 소금 파마산치즈가루 모짜렐라치즈 버터 올리브오일 후추 초리조 살라미,Western
974, 바나나맛우유 메론맛우유 딸기맛우유 계란 설탕 설탕시럽 물,Western
975, 소고기 양파 프로볼론치즈 바게트 소금 후추 식용유,Western
976, 식용유 양파 청피망 마늘 소고기 다짐육  토마토소스 토마토케찹 우스터소스 미니 햄버거 번 셀러리 토마토페이스트 슬라이스 치즈 오이피클,Western
977, 토마토소스 방울토마토 파스타 파르펠레  양파 파프리카 베이컨 초리조 슬라이스 모짜렐라치즈 살라미 파슬리 후추 드라이 페페로치노 올리브유 월계수잎 마늘절편,Western
978, 식용유 옥수수 알갱이 설탕 우유 올리고당 소금 체리 에센스 식용색소  분홍  초콜릿 체리 통조림,Western
979, 밀가루 베이킹파우더 설탕 코코아가루 우유 계란 식용색소 빨강  버터 크림치즈 바닐라 에센스 파우더 설탕 식용유,Western
980, 오레오 과자 버터 바닐라아이스크림,Western
981, 우유 미쯔 초코칩쿠키 칸쵸 참붕어빵 샤브레 인디안밥,Western
982, 크래커 마시멜로우 초콜릿 바나나 블루베리,Western
983, 흰우유 밀가루 계란 소금 베이킹파우더 바닐라 에센스 파우더 설탕,Western
984, 물 바닐라 푸딩 믹스 연유 생크림 계란 과자 바나나,Western
985, 밀가루 물 버터 계란 소금 백설탕 우유 초콜릿 계란노른자 코코아가루 전분 파우더 설탕 바닐라 에센스 화이트초콜릿 식용 색소 카카오 빈,Western
986, 베이글 토마토소스 모짜렐라치즈 페퍼로니,Western
987, 바게트 토마토소스 양송이버섯 슬라이스 모짜렐라 치즈 피망 양파 햄,Western
988, 버터 파마산치즈 페투치니 파스타 소금 후추,Western
989, 레드와인 오렌지 레몬 라임 사과 천도복숭아 데라웨어포도 화이트와인 오렌지 레몬 라임 자몽 사과 수박 설탕 애플민트 얼음 탄산수,Western
990, 링귀니 파스타면 새우 화이트와인 버터 파마산치즈 마늘 레몬 소금 후추 식용유 파슬리 혹은 파슬리 가루 말린 고추,Western
991, 목살 계란 파인애플 양파 마늘 물 스테이크소스 굴소스 물엿 버터 케첩,Western
992, 소등심 다진 소고기 다진 양파 레드와인 보르도가 좋음  닭고기 육수 소금 후추 버터,Western
993, 식빵 슬라이스 치즈 모짜렐라 치즈 계란 빵가루 파슬리가루,Western
994, 수박 토마토 오이 적양파 빨간 피망 레몬즙 소금,Western
995, 자몽 용과 수박 오렌지마말레이드 어린잎 샐러드 허니레몬 드레싱 리코타치즈,Western
996, 새우 팬케이크 믹스 맥주 밀가루 소금 고운 고춧가루 코코넛 플레이크 식용유  소스  오렌지 마멀레이즈  소스  고운 고춧가루,Western
997, 스파게티면 가지 토마토 통마늘 다진마늘 드라이바질 페페로치노 후추 소금 파르마지아노 파마산치즈가루  올리브오일,Western
998, 부침용 두부 참나물 양파 부침가루 소금 식용유 들깻가루 설탕 식초 간장 올리브유 연겨자,Western
999, 파스타 참나물 바지락조개 마늘 양파 고춧가루,Western
1000, 시금치 베이컨 레몬즙 또는 레몬주스  올리브유 소금 설탕 잣 파르미자노 레자노 치즈가루,Western
1001, 핫케이크가루 우유 무가당 코코아파우더 계란 누텔라 생크림 라즈베리,Western
1002, 찬밥 새송이버섯 팽이버섯 베이컨 통마늘 양파 버터 생크림 후추 소금 올리브유 어린잎채소 파마산 치즈가루 모짜렐라치즈,Western
1003, 스파게티 면 삶을 물 소금 면 삶는용  마늘 페페론치노 이탈리아 고추  이탈리아 파슬리 또는 드라이 파슬리  치킨스톡 올리브유 소금,Western
1004,,Western
1005, 계란노른자 버터 레몬즙 파슬리가루 고추가루 소금 계란 잎채소 양파 올리브유 레몬즙 훈제연어 잉글리쉬머핀,Western
1006, 베이컨 버터 식빵 바나나 땅콩버터,Western
1007, 닭고기 감자 양송이버섯 양파 레드와인 닭육수 버터 옥수수전분 토마토페이스트 소금 후추  선택 로즈마리  선택 타임  선택 파슬리가루,Western
1008,  재료  돼지등갈비  삶는 물  물 된장 인스턴트 커피 마늘 양파 대파 생강 소주 통후추 된장  바베큐폭립 소스  올리브유 다진 마늘 우스터 소스 케찹 꿀 올리고당  설탕 레드와인 인스턴트 블랙커피 간장 후추 버터  고추장등갈비구이 소스  올리브유 다진마늘 고추장 고춧가루 꿀 올리고당  설탕 간장 통깨 후추 참기름,Western
1009,  리조또 재료  올리브유 마늘 불린 보리 시금치 소금 후추 물 or 육수 우유  연어스테이크 재료  포도씨유 연어 소금 후추 허브 화이트 와인,Western
1010, 단호박     원크기 파스타 아몬드밀크 다진마늘 양파 파마산치즈가루 올리브오일 소금 후추,Western
1011, 달걀 크림치즈 카스테라 설탕 에스프레소 코코아파우더 라즈베리 애플민트,Western
1012,  햄버거재료  햄버거빵 체다치즈 양상추 토마토 돼지고기 베이컨 샬롯  혹은 양파   바베큐소스 재료  양파 마늘 소금 후추 흑설탕 우스터 양념 토마토 케찹 고운 고춧가루,Western
1013, 파스타면 올리브유 토마토 찰옥수수 리코타치즈 바질,Western
1014, 체다치즈 파마산치즈 버터 빵가루 양파 밀가루 흰우유 마카로니 마른것,Western
1015, 우유 생크림 소금 레몬즙 양상추 크렌베리 견과류 발사믹 식초 올리브오일,Western
1016, 계란 파마산치즈 베이컨 마늘 스파게티면 후추 올리브유 허브,Western
1017, 팽이버섯 관자 치즈 청양고추 버터 후추 소금,Western
1018, 스파게티 면 베이컨 통마늘 올리브유 후추 계란,Western
1019, 오징어 양상추 각종샐러드 채소 돌나물한줌 어린잎채소로 대체가능  레몬즙 백설탕 올리브유 소금 레몬다진것,Western
1020, 아티초크 빵 치즈가루 레몬즙 소금 올리브유 다진마늘 오레가노 파슬리 후추,Western
1021, 피망 올리브유 식초 설탕 소금 참치  캔 마늘 엔쵸비  acciughe  파슬리,Western
1022, 루꼴라 잣 빠르미쟈노 치즈 마늘 올리브유 소금,Western
1023, 현미밥 취사한 것  렌틸콩 삶은 것  무첨가두유 당근 양파 애호박 주키니도 가능  천일염 후추 바질가루,Western
1024, 파스타면 할라피뇨 다진마늘 페페론치노 치킨스톡 마늘 칩 소금 올리브유 파슬리가루 바질 말린것,Western
1025, 또띠야 토마토소스 모짜렐라치즈 올리브 마늘칩 새싹채소 발사믹식초 파마산치즈,Western
1026, 파스타면 토마토홀 통조림 양파 마늘 페페론치노 조개 오징어 새우 화이트와인 올리브오일 월계수잎 소금 치킨스톡 바질 말린것 파마산치즈,Western
1027, 버터 다진 마늘 밀가루 닭 혹은 야채 육수 우유 코셔 소금 후추 타임 감자 체다치즈 파마산치즈 작은 양파 조개관자,Western
1028, 감자 시금치 흰우유 크림치즈 양파 중력분 소세지 크래미 계란노른자 소금 후추,Western
1029, 모시조개 바지락 파스타면 마늘 말린 베트남고추 소금 후추 화이트와인 맛술  올리브유,Western
1030, 토마토스파게티 소스 파스타면 양파 다진마늘 올리브유 그린홍합 새우 새끼전복 어린잎채소 소금 후추,Western
1031, 한우 안심 루꼴라 다진 파슬리 로즈마리 올리브유 소금 후추 파마산 치즈 올리브유 발사믹 식초,Western
1032, 생 바질 아보카도 마늘 잣 레몬즙 물 파마산치즈 씨솔트,Western
1033, 파스타면 그린빈 느타리버섯 양파 올리브오일 소금 후추 레드페퍼 화이트와인 스탁or물,Western
1034, 식빵 슬라이스치즈 스트링치즈 크랜베리 말린것 아몬드 슬라이스 올리브유  고추페스토  청양고추 깻잎 호두 치즈가루 물,Western
1035,  피자 반죽  강력분 이스트 소금 설탕 온수 올리브유  피자소스  토마토홀 오레가노 올리브유 소금 바질잎 후추 생모짜렐라,Western
1036, 작은 호박 작은 감자 물 이스트 마늘 파우더 양파 파우더 훈제 파프리카 간장 레몬즙,Western
1037, 포토벨로 버섯 시금치 마늘 올리브오일 발사믹식초 칠리 가루 소금 후추 피자 소스 파마산 치즈,Western
1038, 버터 가당 연유 무가당 연유 원하는 쿠키 물,Western
1039, 소등심  소스  스테이크소스 토마토케찹 진간장 씨겨자 매실농축액 올리고당  버터 허브솔트 올리브유 마늘 양파 적파프리카,Western
1040, 제과용밀가루 백설탕 계란 레몬즙 카놀라유 베이킹파우더 레몬제스트 레몬청 ,Western
1041, 버터 백설탕 계란 제과용밀가루 베이킹파우더 흰우유 레몬 레몬즙 레몬제스트 레몬껍질  레몬필 레몬과육,Western
1042, 칠면조고기 패티 베이컨 마요네즈 달걀후라이 시금치 스모크 구다치즈 식빵,Western
1043, 양파 크림치즈 마요네즈 핫소스 우스터 허브,Western
1044, 돼지고기 소고기 적파프리카 노란파프리카 팽이버섯 후추 미림 마늘 당근  소스  토마토케찹 올리고당 물,Western
1045, 제과용밀가루 카카오파우더 버터 흰우유 슈가파우더 계란  바닐라 크림  버터 슈가파우더 바닐라 엑스트랙  글레이즈  슈가파우더 흰우유 바닐라 엑스트랙,Western
1046, 고구마 찐것 메이플시럽 흰우유 젤라틴 물 푸딩컵  토핑  바나나 버터 백설탕 레몬즙 견과류 메이플시럽,Western
1047, 제빵용밀가루 백설탕 소금 이스트 우유 버터넛 익힌것,Western
1048, 파스타면 통마늘 건고추 소금 통후추 파슬리가루 파마산치즈,Western
1049, 식빵 바게트 마늘 올리브유 소금 파슬리가루,Western
1050, 돼지목살 각종허브 후추  소금 와인 토마토케찹 마늘 진간장 매실농축액 청양고추 표고버섯 계란,Western
1051, 식빵 버터 마늘 백설탕 파마산치즈 허브가루,Western
1052, 감자 양파 당근  파프리카  계란 크래미 옥수수콘 토마토소스 피자치즈,Western
1053, 계란 백설탕 흰우유 중력분 버터 생크림 백설탕,Western
1054, 제과용밀가루 코코아가루 베이킹파우더 백설탕 커피가루 흰우유 포도씨유 계란,Western
1055, 베이컨 계란 피자치즈 올리브유,Western
1056, 생크림요거트 제과용밀가루 베이킹파우더 녹차가루 오레오쿠키 계란 바닐라 엑스트렉 버터 백설탕 카놀라유 소금,Western
1057, 버터 설탕 계란 코코아가루 윌튼색소 레드 박력분 버터밀크  혹은 우유  베이킹소다 프로스팅 크림치즈 버터 슈가파우더,Western
1058, 닭가슴살 양파 버터 고추기름 파슬리가루 파스타면 청경채 물 소금 마늘  양념  소금 후추 굴소스 치킨스탁 물  ml  올리브유,Western
1059, 박력분 코코아파우더 다크 밀크 버터 계란흰자 설탕 계란 노른자 설탕,Western
1060, 닭가슴살 소금 후추 청주 올리브오일 베이컨 양파 청피망 양송이버섯 바질 모짜렐라치즈 고기에뿌리는 밀가루 올리브유  화이트소스  마요네즈 생크림 레몬즙 꿀 소금,Western
1061, 치아바다빵 모짜렐라 치즈 슬라이스 치즈 파마산 치즈 사과 시나몬 가루 설탕,Western
1062, 통밀가루 베이킹파우더 바나나 무지방우유 식용유 잣 말린것,Western
1063, 스파게티면 명란젖갈 생크림 마늘 올리브유,Western
1064, 바게트 계란 베이컨 고운소금 녹인버터 후추 피자 치즈,Western
1065, 곶감 크림치즈 잣 크랜베리 호두 아몬드 캐슈넛,Western
1066, 계란 아이스플랜트 바라후  베이컨 양파  칵테일새우 고구마  단호박 방울토마토 올리브 가지고추 생크림 빵가루 파르메산치즈 치즈,Western
1067, 쌀 꽃게 새우 오징어 파프리카 양파 카레가루 토마토소스,Western
1068, 크래미 대파 콘 크림치즈 소금 후추 만두피,Western
1069, 푸질리 홍합 토마토퓌레 토마토 양파 마늘 화이트와인 송이버섯 청피망 홍피망 새우 청량고추,Western
1070, 우유 생크림 레몬즙  레몬 한개즙  소금,Western
1071, 오감자 스트링치즈,Western
1072, 베이글 햄버거 패티 양상추 허니머스타드 홀그레인 케찹 마요네즈  크림소스  생크림 우유 치즈,Western
1073,  피자도우반죽  물 식빵믹스 인스턴트 이스트  피자토핑  시판용 토마토소스 옥수수캔 블랙올리브 양파 느타리버섯 까망베르치즈 피자치즈,Western
1074, 잣 아몬드 참깨 호두 건포도 설탕 올리고당 물,Western
1075, 양파 베이컨 양송이버섯  소스  생크림 파마산치즈가루 계란노른자 소금 후추 파슬리가루 올리브유 화이트와인 혹은 맛술 ,Western
1076, 양파 베이컨 마늘 스파게티면 계란노른자 풋고추  청양고추   소스  흰우유 휘핑크림 페투치니,Western
1077, 등심 전 어깨살  사과 소금 후추 흑설탕 올리브유 레드와인,Western
1078, 계란 명란젖 마늘 베이컨 표고버섯 팽이버섯 양파 청파프리카 방울토마토 피자치즈 파마산 치즈,Western
1079, 스파게티면 올리브유 마늘 페페론치노 파슬리 파마산치즈 소금,Western
